,trial,exp,name,group,time_find,fruit_number
1,1,2,C1,DutchChild,72.871,0
2,1,2,C3,DutchChild,82.967,0
3,1,1,C12,DutchChild,53.885,0
4,1,4,C1,DutchChild,49.6,0
5,1,10,C12,DutchChild,49.952,0
6,1,3,C11,DutchChild,41.59,0
7,1,9,C2,DutchChild,28.897,0
8,1,4,C13,DutchChild,30.642,0
9,1,1,C3,DutchChild,34.933,0
10,1,7,C3,DutchChild,74.644,0
11,1,5,C14,DutchChild,53.645,0
12,1,4,C14,DutchChild,74.665,0
13,1,10,C13,DutchChild,25.401,0
14,1,1,C14,DutchChild,109.161,0
15,1,10,C1,DutchChild,63.21,0
16,1,8,C11,DutchChild,49.779,0
17,1,6,C12,DutchChild,23.519,0
18,1,7,C10,DutchChild,33.082,0
19,1,9,C1,DutchChild,61.46,0
20,1,4,C11,DutchChild,200.203,0
21,1,1,C10,DutchChild,147.247,0
22,1,2,C14,DutchChild,55.22,0
23,1,6,C1,DutchChild,25.445,0
24,1,2,C13,DutchChild,37.608,0
25,1,3,C10,DutchChild,42.737,0
26,1,4,C10,DutchChild,59.224,0
27,1,4,C12,DutchChild,31.733,0
28,1,7,C13,DutchChild,24.531,0
29,1,2,C11,DutchChild,27.529,0
30,1,8,C2,DutchChild,32.767,0
31,1,6,C2,DutchChild,46.781,0
32,1,10,C3,DutchChild,50.85,0
33,1,6,C3,DutchChild,48.83,0
34,1,1,C2,DutchChild,32.289,0
35,1,5,C1,DutchChild,33.176,0
36,1,1,C11,DutchChild,65.519,0
37,1,4,C2,DutchChild,32.187,0
38,1,7,C12,DutchChild,31.895,0
39,1,2,C10,DutchChild,68.992,0
40,1,3,C1,DutchChild,37.424,0
41,1,2,C12,DutchChild,28.681,0
42,1,9,C12,DutchChild,30.682,0
43,1,7,C14,DutchChild,58.944,0
44,1,3,C13,DutchChild,46.953,0
45,1,8,C12,DutchChild,48.456,0
46,1,1,C1,DutchChild,67.75,0
47,1,5,C12,DutchChild,39.481,0
48,1,8,C3,DutchChild,40.471,0
49,1,1,C13,DutchChild,24.244,0
50,1,9,C10,DutchChild,29.44,0
51,1,2,C2,DutchChild,51.114,0
52,1,3,C14,DutchChild,51.237,0
53,1,4,C3,DutchChild,42.316,0
54,1,8,C14,DutchChild,54.326,0
55,1,7,C2,DutchChild,33.42,0
56,1,7,C11,DutchChild,40.355,0
57,1,9,C13,DutchChild,61.41,0
58,1,3,C3,DutchChild,26.74,0
59,1,10,C11,DutchChild,31.307,0
60,1,3,C2,DutchChild,32.257,0
61,1,10,C14,DutchChild,40.557,0
62,1,10,C2,DutchChild,33.586,0
63,1,8,C10,DutchChild,52.516,0
64,1,6,C11,DutchChild,30.613,0
65,1,6,C14,DutchChild,27.385,0
66,1,8,C13,DutchChild,46.215,0
67,1,7,C1,DutchChild,35.213,0
68,1,5,C10,DutchChild,37.774,0
69,1,8,C1,DutchChild,27.167,0
70,1,9,C14,DutchChild,43.02,0
71,1,6,C10,DutchChild,31.174,0
72,1,5,C2,DutchChild,34.052,0
73,1,5,C11,DutchChild,29.721,0
74,1,5,C13,DutchChild,39.708,0
75,1,9,C11,DutchChild,42.785,0
76,1,9,C3,DutchChild,25.507,0
77,1,6,C13,DutchChild,48.319,0
78,1,10,C10,DutchChild,42.648,0
79,2,10,C13,DutchChild,71.86,1
80,2,9,C3,DutchChild,72.72,1
81,2,6,C12,DutchChild,89.717,1
82,1,3,C12,DutchChild,33.975,0
83,2,1,C13,DutchChild,81.777,1
84,2,8,C1,DutchChild,49.957,1
85,2,7,C13,DutchChild,81.717,1
86,2,6,C14,DutchChild,54.161,1
87,2,6,C1,DutchChild,101.236,1
88,2,5,C11,DutchChild,94.735,1
89,2,2,C11,DutchChild,99.265,1
90,2,6,C11,DutchChild,68.746,1
91,2,9,C12,DutchChild,76.108,1
92,2,4,C13,DutchChild,60.741,1
93,2,3,C3,DutchChild,67.761,1
94,2,10,C11,DutchChild,71.798,1
95,2,2,C12,DutchChild,70.414,1
96,2,7,C12,DutchChild,53.396,1
97,2,4,C2,DutchChild,55.42,1
98,2,9,C2,DutchChild,60.214,1
99,2,9,C10,DutchChild,68.808,1
100,2,1,C2,DutchChild,75.988,1
101,2,5,C1,DutchChild,86.893,1
102,1,5,C3,DutchChild,39.154,0
103,2,5,C2,DutchChild,75.503,1
104,2,1,C3,DutchChild,264.133,1
105,2,3,C2,DutchChild,117.353,1
106,2,8,C2,DutchChild,69.371,1
107,2,10,C2,DutchChild,73.636,1
108,2,7,C10,DutchChild,65.948,1
109,2,6,C10,DutchChild,87.975,1
110,2,7,C2,DutchChild,55.386,1
111,2,3,C1,DutchChild,283.423,1
112,2,7,C1,DutchChild,86.731,1
113,2,3,C12,DutchChild,74.865,1
114,2,5,C3,DutchChild,87.7,1
115,2,5,C12,DutchChild,61.074,1
116,2,5,C13,DutchChild,88.705,1
117,2,7,C11,DutchChild,66.088,1
118,2,2,C13,DutchChild,81.232,1
119,2,5,C10,DutchChild,84.308,1
120,2,8,C3,DutchChild,109.139,1
121,2,3,C11,DutchChild,86.865,1
122,2,4,C3,DutchChild,97.833,1
123,2,10,C10,DutchChild,112.157,1
124,2,9,C11,DutchChild,90.285,1
125,2,3,C10,DutchChild,72.733,1
126,2,8,C13,DutchChild,85.202,1
127,2,10,C14,DutchChild,95.448,1
128,2,6,C2,DutchChild,84.497,1
129,2,3,C13,DutchChild,92.453,1
130,2,6,C13,DutchChild,88.209,1
131,2,8,C12,DutchChild,86.214,1
132,2,6,C3,DutchChild,70.049,1
133,2,4,C1,DutchChild,78.963,1
134,2,9,C14,DutchChild,125.993,1
135,2,8,C11,DutchChild,97.709,1
136,3,8,C1,DutchChild,107.826,2
137,2,10,C12,DutchChild,77.79,1
138,2,2,C2,DutchChild,110.163,1
139,2,10,C3,DutchChild,101.383,1
140,2,8,C10,DutchChild,116.016,1
141,2,3,C14,DutchChild,93.754,1
142,2,5,C14,DutchChild,119.269,1
143,3,6,C14,DutchChild,104.585,2
144,2,8,C14,DutchChild,81.827,1
145,2,2,C14,DutchChild,458.72,1
146,3,4,C2,DutchChild,100.411,2
147,2,1,C12,DutchChild,107.105,1
148,3,7,C12,DutchChild,112.907,2
149,2,7,C14,DutchChild,87.944,1
150,2,4,C10,DutchChild,107.221,1
151,3,9,C2,DutchChild,108.647,2
152,2,9,C1,DutchChild,289.719,1
153,2,9,C13,DutchChild,83.216,1
154,3,7,C2,DutchChild,116.461,2
155,2,4,C12,DutchChild,67.735,1
156,3,4,C13,DutchChild,125.641,2
157,3,5,C12,DutchChild,106.99,2
158,3,7,C10,DutchChild,129.711,2
159,2,1,C1,DutchChild,133.464,1
160,3,4,C12,DutchChild,127.26,2
161,3,9,C10,DutchChild,95.566,2
162,2,2,C10,DutchChild,108.417,1
163,3,7,C11,DutchChild,118.546,2
164,3,8,C2,DutchChild,111.796,2
165,3,3,C3,DutchChild,100.479,2
166,2,10,C1,DutchChild,125.243,1
167,3,10,C11,DutchChild,106.552,2
168,3,10,C13,DutchChild,107.2,2
169,3,6,C11,DutchChild,95.972,2
170,3,9,C3,DutchChild,96.294,2
171,3,6,C3,DutchChild,117.281,2
172,3,10,C2,DutchChild,121.52,2
173,2,7,C3,DutchChild,136.277,1
174,3,1,C2,DutchChild,140.289,2
175,3,9,C12,DutchChild,159.441,2
176,2,4,C14,DutchChild,113.682,1
177,3,3,C12,DutchChild,118.974,2
178,3,5,C2,DutchChild,108.32,2
179,2,2,C1,DutchChild,97.428,1
180,3,4,C1,DutchChild,122.956,2
181,3,10,C12,DutchChild,103.139,2
182,3,8,C14,DutchChild,114.826,2
183,3,1,C13,DutchChild,102.952,2
184,2,2,C3,DutchChild,214.146,1
185,3,9,C13,DutchChild,125.239,2
186,3,3,C10,DutchChild,105.482,2
187,3,6,C2,DutchChild,127.889,2
188,3,2,C13,DutchChild,133.065,2
189,3,3,C11,DutchChild,138.34,2
190,3,7,C1,DutchChild,134.31,2
191,3,7,C13,DutchChild,149.3,2
192,3,8,C13,DutchChild,107.208,2
193,3,5,C13,DutchChild,105.863,2
194,3,8,C12,DutchChild,108.956,2
195,3,6,C12,DutchChild,132.693,2
196,3,5,C3,DutchChild,137.734,2
197,3,6,C10,DutchChild,125.175,2
198,3,6,C13,DutchChild,138.792,2
199,3,5,C10,DutchChild,121.171,2
200,3,7,C14,DutchChild,113.369,2
201,3,9,C11,DutchChild,137.451,2
202,3,5,C11,DutchChild,148.504,2
203,3,3,C14,DutchChild,148.247,2
204,3,3,C13,DutchChild,152.953,2
205,3,2,C1,DutchChild,181.411,2
206,3,10,C14,DutchChild,132.057,2
207,4,6,C11,DutchChild,154.005,3
208,4,9,C3,DutchChild,122.019,3
209,3,5,C1,DutchChild,134.894,2
210,3,8,C11,DutchChild,146.708,2
211,3,6,C1,DutchChild,148.732,2
212,3,10,C3,DutchChild,152.784,2
213,3,4,C3,DutchChild,149.754,2
214,3,2,C11,DutchChild,147.563,2
215,4,3,C3,DutchChild,150.062,3
216,4,3,C10,DutchChild,169.195,3
217,4,1,C13,DutchChild,161.477,3
218,4,10,C12,DutchChild,181.532,3
219,3,1,C12,DutchChild,155.903,2
220,4,5,C12,DutchChild,211.506,3
221,4,6,C14,DutchChild,152.543,3
222,4,10,C13,DutchChild,127.391,3
223,4,8,C13,DutchChild,151.701,3
224,4,5,C2,DutchChild,156.285,3
225,4,5,C13,DutchChild,183.164,3
226,2,1,C11,DutchChild,114.958,1
227,4,8,C12,DutchChild,163.932,3
228,2,1,C14,DutchChild,460.445,1
229,4,10,C11,DutchChild,167.325,3
230,3,4,C10,DutchChild,158.239,2
231,4,8,C1,DutchChild,159.799,3
232,3,2,C10,DutchChild,210.917,2
233,3,8,C3,DutchChild,149.078,2
234,4,8,C2,DutchChild,145.712,3
235,3,10,C10,DutchChild,149.149,2
236,3,2,C2,DutchChild,163.688,2
237,4,9,C2,DutchChild,159.648,3
238,4,8,C14,DutchChild,141.826,3
239,3,1,C11,DutchChild,152.783,2
240,4,9,C10,DutchChild,167.682,3
241,4,7,C12,DutchChild,140.903,3
242,3,8,C10,DutchChild,227.016,2
243,4,7,C14,DutchChild,228.42,3
244,3,4,C14,DutchChild,384.165,2
245,4,3,C12,DutchChild,155.727,3
246,3,5,C14,DutchChild,172.645,2
247,4,7,C2,DutchChild,200.72,3
248,4,5,C10,DutchChild,193.31,3
249,4,7,C11,DutchChild,174.505,3
250,4,6,C3,DutchChild,174.169,3
251,3,3,C2,DutchChild,172.792,2
252,4,4,C1,DutchChild,252.384,3
253,4,10,C2,DutchChild,172.586,3
254,5,9,C3,DutchChild,154.217,4
255,4,9,C13,DutchChild,157.289,3
256,3,2,C12,DutchChild,128.532,2
257,3,9,C14,DutchChild,170.011,2
258,3,10,C1,DutchChild,296.223,2
259,4,6,C2,DutchChild,179.364,3
260,4,4,C13,DutchChild,151.149,3
261,4,7,C10,DutchChild,192.206,3
262,5,10,C13,DutchChild,169.676,4
263,4,4,C12,DutchChild,234.917,3
264,4,2,C12,DutchChild,238.032,3
265,3,1,C1,DutchChild,190.348,2
266,4,5,C1,DutchChild,170.384,3
267,4,6,C10,DutchChild,377.608,3
268,4,6,C12,DutchChild,226.083,3
269,4,2,C13,DutchChild,176.511,3
270,3,7,C3,DutchChild,158.96,2
271,4,7,C1,DutchChild,187.715,3
272,4,5,C3,DutchChild,178.575,3
273,4,4,C2,DutchChild,143.911,3
274,4,9,C11,DutchChild,165.785,3
275,4,1,C2,DutchChild,180.789,3
276,4,10,C14,DutchChild,219.557,3
277,4,6,C13,DutchChild,188.307,3
278,5,7,C12,DutchChild,167.896,4
279,5,4,C2,DutchChild,327.386,4
280,5,8,C14,DutchChild,289.826,4
281,4,3,C11,DutchChild,189.09,3
282,4,8,C11,DutchChild,209.12,3
283,2,1,C10,DutchChild,202.87,1
284,5,8,C2,DutchChild,209.389,4
285,4,5,C11,DutchChild,218.889,3
286,4,10,C10,DutchChild,201.382,3
287,4,8,C3,DutchChild,189.968,3
288,4,7,C13,DutchChild,197.883,3
289,5,3,C3,DutchChild,232.642,4
290,4,2,C11,DutchChild,178.427,3
291,5,4,C13,DutchChild,171.849,4
292,5,8,C13,DutchChild,180.698,4
293,4,6,C1,DutchChild,244.209,3
294,5,6,C14,DutchChild,181.802,4
295,4,4,C3,DutchChild,196.793,3
296,4,10,C3,DutchChild,175.674,3
297,4,3,C13,DutchChild,213.487,3
298,4,3,C14,DutchChild,207.273,3
299,6,9,C3,DutchChild,266.062,5
300,4,1,C11,DutchChild,205.399,3
301,5,6,C11,DutchChild,296.197,4
302,5,5,C2,DutchChild,262.752,4
303,5,9,C13,DutchChild,185.718,4
304,5,3,C12,DutchChild,214.485,4
305,4,1,C12,DutchChild,204.333,3
306,5,8,C1,DutchChild,412.025,4
307,5,9,C2,DutchChild,359.648,4
308,4,4,C10,DutchChild,226.221,3
309,4,7,C3,DutchChild,253.277,3
310,4,2,C2,DutchChild,186.356,3
311,5,1,C13,DutchChild,207.868,4
312,5,9,C11,DutchChild,214.785,4
313,5,10,C11,DutchChild,213.921,4
314,5,9,C10,DutchChild,219.189,4
315,4,9,C12,DutchChild,247.441,3
316,6,7,C12,DutchChild,422.898,5
317,5,8,C12,DutchChild,219.956,4
318,5,3,C10,DutchChild,247.221,4
319,4,5,C14,DutchChild,204.011,3
320,5,10,C2,DutchChild,201.653,4
321,5,5,C1,DutchChild,345.084,4
322,4,9,C14,DutchChild,260.027,3
323,6,4,C13,DutchChild,311.69,5
324,5,7,C11,DutchChild,225.446,4
325,6,10,C13,DutchChild,200.176,5
326,4,3,C2,DutchChild,218.852,3
327,5,2,C13,DutchChild,216.231,4
328,5,6,C3,DutchChild,228.773,4
329,5,10,C3,DutchChild,228.275,4
330,5,5,C3,DutchChild,214.258,4
331,6,8,C13,DutchChild,303.7,5
332,5,2,C11,DutchChild,338.752,4
333,4,2,C1,DutchChild,297.19,3
334,5,10,C12,DutchChild,220.42,4
335,6,6,C14,DutchChild,550.652,5
336,5,6,C2,DutchChild,244.431,4
337,5,5,C13,DutchChild,213.714,4
338,5,1,C2,DutchChild,320.288,4
339,5,7,C1,DutchChild,227.434,4
340,5,6,C13,DutchChild,263.297,4
341,5,3,C11,DutchChild,291.089,4
342,5,2,C2,DutchChild,321.038,4
343,6,9,C13,DutchChild,207.77,5
344,5,5,C10,DutchChild,266.581,4
345,5,8,C3,DutchChild,214.808,4
346,4,1,C1,DutchChild,506.48,3
347,5,7,C13,DutchChild,241.725,4
348,7,10,C13,DutchChild,621.176,6
349,2,4,C11,DutchChild,254.929,1
350,5,10,C10,DutchChild,247.29,4
351,6,10,C2,DutchChild,243.086,5
352,5,7,C2,DutchChild,266.42,4
353,3,1,C10,DutchChild,278.744,2
354,5,5,C14,DutchChild,489.646,4
355,5,1,C12,DutchChild,256.968,4
356,6,1,C13,DutchChild,257.285,5
357,7,9,C13,DutchChild,418.973,6
358,5,7,C10,DutchChild,215.212,4
359,4,2,C10,DutchChild,405.651,3
360,5,1,C11,DutchChild,311.341,4
361,5,5,C12,DutchChild,393.481,4
362,5,8,C11,DutchChild,346.823,4
363,6,8,C2,DutchChild,424.988,5
364,6,5,C13,DutchChild,385.215,5
365,5,3,C13,DutchChild,283.152,4
366,6,10,C11,DutchChild,315.821,5
367,3,2,C3,DutchChild,274.388,2
368,6,9,C11,DutchChild,273.285,5
369,6,7,C10,DutchChild,267.846,5
370,6,8,C3,DutchChild,264.96,5
371,6,3,C12,DutchChild,618.978,5
372,6,5,C3,DutchChild,359.536,5
373,5,5,C11,DutchChild,386.822,4
374,6,9,C10,DutchChild,248.183,5
375,6,10,C12,DutchChild,284.685,5
376,6,2,C13,DutchChild,282.73,5
377,6,8,C12,DutchChild,267.956,5
378,5,10,C14,DutchChild,276.59,4
379,5,4,C3,DutchChild,340.055,4
380,6,7,C1,DutchChild,271.93,5
381,6,7,C11,DutchChild,290.004,5
382,6,10,C3,DutchChild,417.126,5
383,5,6,C12,DutchChild,353.279,4
384,6,6,C3,DutchChild,298.025,5
385,4,8,C10,DutchChild,286.233,3
386,5,4,C10,DutchChild,299.961,4
387,5,7,C14,DutchChild,337.921,4
388,6,3,C3,DutchChild,286.277,5
389,5,2,C12,DutchChild,267.915,4
390,5,4,C12,DutchChild,401.511,4
391,6,7,C13,DutchChild,373.852,5
392,6,6,C2,DutchChild,364.031,5
393,5,9,C12,DutchChild,448.375,4
394,7,10,C2,DutchChild,616.145,6
395,5,6,C1,DutchChild,289.722,4
396,6,3,C10,DutchChild,340.314,5
397,6,10,C10,DutchChild,284.648,5
398,7,9,C10,DutchChild,365.915,6
399,5,7,C3,DutchChild,273.46,4
400,5,4,C1,DutchChild,300.63,4
401,3,4,C11,DutchChild,442.204,2
402,5,3,C2,DutchChild,263.365,4
403,6,1,C12,DutchChild,300.762,5
404,7,1,C13,DutchChild,288.535,6
405,5,9,C14,DutchChild,375.534,4
406,5,3,C14,DutchChild,426.238,4
407,6,5,C2,DutchChild,314.751,5
408,6,3,C2,DutchChild,581.095,5
409,7,8,C3,DutchChild,332.959,6
410,6,5,C10,DutchChild,544.522,5
411,6,7,C2,DutchChild,503.92,5
412,3,1,C3,DutchChild,467.134,2
413,6,6,C13,DutchChild,366.282,5
414,6,2,C12,DutchChild,395.423,5
415,7,9,C3,DutchChild,619.724,6
416,7,7,C10,DutchChild,562.537,6
417,7,8,C12,DutchChild,621.589,6
418,7,9,C11,DutchChild,499.076,6
419,7,7,C1,DutchChild,565.42,6
420,6,7,C3,DutchChild,356.644,5
421,4,2,C3,DutchChild,305.136,3
422,4,1,C10,DutchChild,608.461,3
423,6,10,C14,DutchChild,338.147,5
424,7,2,C13,DutchChild,567.789,6
425,7,10,C10,DutchChild,439.882,6
426,6,3,C13,DutchChild,459.244,5
427,7,3,C3,DutchChild,621.593,6
428,5,8,C10,DutchChild,325.516,4
429,6,6,C1,DutchChild,381.681,5
430,3,9,C1,DutchChild,351.714,2
431,6,8,C14,DutchChild,387.575,5
432,7,7,C11,DutchChild,585.58,6
433,6,3,C11,DutchChild,616.589,5
434,5,2,C1,DutchChild,366.427,4
435,4,10,C1,DutchChild,354.529,3
436,7,6,C3,DutchChild,609.782,6
437,6,6,C11,DutchChild,454.654,5
438,6,4,C10,DutchChild,411.771,5
439,6,4,C1,DutchChild,353.431,5
440,7,1,C12,DutchChild,622.879,6
441,3,3,C1,DutchChild,309.923,2
442,5,2,C3,DutchChild,590.333,4
443,7,8,C13,DutchChild,620.882,6
444,4,3,C1,DutchChild,347.723,3
445,7,4,C13,DutchChild,621.556,6
446,6,1,C11,DutchChild,470.899,5
447,7,5,C2,DutchChild,451.644,6
448,7,10,C11,DutchChild,602.157,6
449,6,2,C2,DutchChild,617.188,5
450,6,1,C2,DutchChild,472.289,5
451,7,10,C12,DutchChild,509.437,6
452,6,8,C10,DutchChild,584.516,5
453,6,4,C2,DutchChild,399.578,5
454,7,10,C14,DutchChild,614.057,6
455,6,4,C3,DutchChild,433.282,5
456,7,3,C10,DutchChild,360.233,6
457,6,7,C14,DutchChild,496.42,5
458,6,2,C11,DutchChild,408.756,5
459,5,3,C1,DutchChild,385.606,4
460,6,5,C1,DutchChild,396.069,5
461,6,8,C11,DutchChild,524.929,5
462,4,9,C1,DutchChild,409.42,3
463,6,6,C12,DutchChild,566.437,5
464,7,4,C1,DutchChild,519.973,6
465,7,7,C3,DutchChild,454.445,6
466,5,10,C1,DutchChild,449.206,4
467,6,9,C2,DutchChild,591.447,5
468,7,5,C3,DutchChild,617.738,6
469,6,2,C1,DutchChild,426.108,5
470,7,6,C2,DutchChild,611.682,6
471,7,6,C13,DutchChild,624.301,6
472,7,7,C13,DutchChild,414.293,6
473,6,9,C14,DutchChild,398.984,5
474,5,6,C10,DutchChild,433.675,4
475,7,6,C1,DutchChild,459.421,6
476,7,5,C13,DutchChild,508.218,6
477,4,4,C14,DutchChild,485.665,3
478,6,5,C11,DutchChild,432.47,5
479,6,3,C1,DutchChild,498.665,5
480,7,8,C14,DutchChild,622.185,6
481,7,2,C12,DutchChild,623.922,6
482,6,5,C12,DutchChild,616.872,5
483,7,5,C1,DutchChild,534.892,6
484,7,4,C2,DutchChild,440.445,6
485,5,2,C10,DutchChild,448.026,4
486,7,2,C11,DutchChild,599.376,6
487,7,4,C10,DutchChild,461.879,6
488,5,9,C1,DutchChild,542.202,4
489,6,8,C1,DutchChild,590.533,5
490,6,4,C12,DutchChild,506.465,5
491,7,9,C14,DutchChild,434.501,6
492,7,10,C3,DutchChild,470.28,6
493,7,7,C12,DutchChild,619.391,6
494,7,8,C2,DutchChild,610.284,6
495,7,2,C1,DutchChild,544.884,6
496,6,3,C14,DutchChild,502.797,5
497,7,5,C11,DutchChild,617.559,6
498,7,4,C3,DutchChild,504.119,6
499,6,6,C10,DutchChild,495.151,5
500,4,4,C11,DutchChild,473.32,3
501,6,2,C10,DutchChild,476.917,5
502,6,9,C12,DutchChild,568.441,5
503,6,10,C1,DutchChild,610.71,5
504,7,6,C11,DutchChild,616.614,6
505,3,2,C14,DutchChild,502.428,2
506,3,1,C14,DutchChild,607.302,2
507,7,3,C13,DutchChild,539.045,6
508,4,1,C3,DutchChild,549.323,3
509,5,4,C11,DutchChild,525.778,4
510,7,1,C11,DutchChild,620.041,6
511,7,2,C10,DutchChild,569.15,6
512,7,1,C2,DutchChild,622.788,6
513,6,5,C14,DutchChild,552.211,5
514,7,3,C1,DutchChild,620.924,6
515,7,7,C14,DutchChild,609.771,6
516,7,3,C14,DutchChild,620.26,6
517,7,7,C2,DutchChild,594.295,6
518,7,6,C10,DutchChild,543.675,6
519,4,2,C14,DutchChild,609.502,3
520,5,1,C1,DutchChild,614.474,4
521,5,4,C14,DutchChild,539.307,4
522,6,4,C11,DutchChild,620.205,5
523,7,8,C11,DutchChild,615.234,6
524,6,4,C14,DutchChild,607.931,5
525,7,5,C10,DutchChild,612.44,6
526,6,9,C1,DutchChild,603.346,5
527,7,4,C12,DutchChild,592.399,6
528,5,1,C3,DutchChild,610.133,4
529,7,6,C14,DutchChild,579.444,6
530,7,5,C14,DutchChild,611.245,6
531,7,6,C12,DutchChild,620.059,6
532,7,9,C12,DutchChild,586.441,6
533,7,3,C2,DutchChild,590.655,6
534,7,8,C1,DutchChild,596.6,6
535,7,9,C2,DutchChild,594.997,6
536,6,2,C3,DutchChild,601.946,5
537,7,8,C10,DutchChild,621.109,6
538,6,1,C3,DutchChild,617.399,5
539,7,10,C1,DutchChild,618.205,6
540,1,6,A10,DutchAdults,72.25,0
541,1,2,A15,DutchAdults,34.554,0
542,1,8,A10,DutchAdults,33.621,0
543,1,5,A15,DutchAdults,35.387,0
544,1,3,A10,DutchAdults,51.372,0
545,1,2,A12,DutchAdults,184.386,0
546,1,7,A11,DutchAdults,22.714,0
547,1,7,A10,DutchAdults,25.487,0
548,1,5,A12,DutchAdults,42.117,0
549,1,10,A12,DutchAdults,48.552,0
550,1,10,A14,DutchAdults,39.403,0
551,1,5,A11,DutchAdults,24.52,0
552,1,3,A14,DutchAdults,76.633,0
553,1,3,A11,DutchAdults,36.867,0
554,1,1,A12,DutchAdults,81.001,0
555,1,10,A15,DutchAdults,27.187,0
556,1,1,A16,DutchAdults,58.203,0
557,1,1,A10,DutchAdults,35.697,0
558,1,5,A10,DutchAdults,29.712,0
559,1,8,A11,DutchAdults,24.081,0
560,1,8,A14,DutchAdults,58.184,0
561,1,2,A11,DutchAdults,29.702,0
562,1,6,A11,DutchAdults,24.785,0
563,1,10,A13,DutchAdults,23.703,0
564,1,2,A18,DutchAdults,73.702,0
565,1,10,A10,DutchAdults,35.854,0
566,1,8,A13,DutchAdults,27.054,0
567,1,3,A13,DutchAdults,34.313,0
568,1,5,A16,DutchAdults,41.702,0
569,1,6,A12,DutchAdults,28.202,0
570,1,2,A13,DutchAdults,27.21,0
571,1,5,A14,DutchAdults,39.334,0
572,1,8,A16,DutchAdults,29.72,0
573,1,9,A18,DutchAdults,25.238,0
574,1,7,A18,DutchAdults,40.503,0
575,1,7,A15,DutchAdults,39.537,0
576,1,1,A15,DutchAdults,119.4,0
577,1,1,A18,DutchAdults,144.906,0
578,1,6,A13,DutchAdults,28.412,0
579,1,4,A13,DutchAdults,26.918,0
580,1,1,A11,DutchAdults,43.919,0
581,1,7,A16,DutchAdults,25.496,0
582,1,9,A14,DutchAdults,39.933,0
583,1,8,A15,DutchAdults,74.472,0
584,1,4,A11,DutchAdults,24.501,0
585,1,6,A14,DutchAdults,38.931,0
586,1,5,A13,DutchAdults,24.982,0
587,1,6,A15,DutchAdults,33.511,0
588,1,7,A14,DutchAdults,67.267,0
589,1,5,A18,DutchAdults,36.203,0
590,1,4,A14,DutchAdults,29.257,0
591,1,8,A12,DutchAdults,23.26,0
592,1,3,A12,DutchAdults,64.47,0
593,1,7,A13,DutchAdults,28.787,0
594,1,2,A14,DutchAdults,80.022,0
595,1,10,A18,DutchAdults,34.907,0
596,1,9,A12,DutchAdults,49.39,0
597,1,7,A12,DutchAdults,27.275,0
598,1,3,A16,DutchAdults,49.275,0
599,1,9,A13,DutchAdults,24.27,0
600,1,10,A11,DutchAdults,21.159,0
601,1,10,A16,DutchAdults,24.778,0
602,1,3,A18,DutchAdults,48.88,0
603,1,9,A10,DutchAdults,28.83,0
604,1,9,A16,DutchAdults,36.533,0
605,1,4,A10,DutchAdults,34.999,0
606,1,9,A15,DutchAdults,31.536,0
607,1,4,A16,DutchAdults,60.278,0
608,1,2,A16,DutchAdults,35.299,0
609,1,4,A18,DutchAdults,33.586,0
610,1,9,A11,DutchAdults,25.221,0
611,1,8,A18,DutchAdults,28.117,0
612,1,4,A15,DutchAdults,36.987,0
613,1,4,A12,DutchAdults,29.705,0
614,1,6,A16,DutchAdults,29.985,0
615,1,6,A18,DutchAdults,26.782,0
616,1,2,A10,DutchAdults,26.855,0
617,1,1,A14,DutchAdults,44.873,0
618,1,1,A13,DutchAdults,27.405,0
619,2,10,A11,DutchAdults,53.809,1
620,2,9,A11,DutchAdults,53.205,1
621,2,7,A11,DutchAdults,50.797,1
622,2,7,A16,DutchAdults,90.597,1
623,2,8,A12,DutchAdults,70.261,1
624,2,8,A11,DutchAdults,54.614,1
625,2,2,A10,DutchAdults,73.821,1
626,2,8,A13,DutchAdults,47.42,1
627,2,6,A18,DutchAdults,93.498,1
628,2,10,A15,DutchAdults,47.987,1
629,2,1,A13,DutchAdults,73.338,1
630,2,2,A13,DutchAdults,49.709,1
631,2,6,A11,DutchAdults,71.202,1
632,2,7,A10,DutchAdults,151.888,1
633,2,9,A18,DutchAdults,91.371,1
634,2,7,A13,DutchAdults,102.037,1
635,2,9,A13,DutchAdults,125.82,1
636,2,8,A16,DutchAdults,51.786,1
637,2,2,A11,DutchAdults,60.702,1
638,2,7,A12,DutchAdults,58.275,1
639,2,10,A13,DutchAdults,44.203,1
640,2,6,A16,DutchAdults,55.452,1
641,2,10,A16,DutchAdults,47.378,1
642,2,5,A13,DutchAdults,99.617,1
643,2,6,A12,DutchAdults,85.204,1
644,2,6,A13,DutchAdults,118.411,1
645,2,4,A13,DutchAdults,93.202,1
646,2,9,A15,DutchAdults,63.585,1
647,2,5,A10,DutchAdults,83.196,1
648,1,3,A15,DutchAdults,39.291,0
649,2,8,A18,DutchAdults,75.117,1
650,2,4,A14,DutchAdults,66.957,1
651,2,8,A10,DutchAdults,123.57,1
652,2,4,A18,DutchAdults,56.969,1
653,2,6,A15,DutchAdults,56.193,1
654,2,4,A12,DutchAdults,78.705,1
655,2,3,A13,DutchAdults,82.698,1
656,2,2,A15,DutchAdults,54.586,1
657,2,10,A18,DutchAdults,88.324,1
658,2,4,A10,DutchAdults,67.282,1
659,2,10,A10,DutchAdults,60.471,1
660,2,9,A10,DutchAdults,72.546,1
661,2,9,A16,DutchAdults,60.767,1
662,2,4,A15,DutchAdults,64.438,1
663,2,2,A16,DutchAdults,87.658,1
664,2,1,A10,DutchAdults,88.054,1
665,2,6,A14,DutchAdults,73.931,1
666,2,5,A15,DutchAdults,69.886,1
667,2,5,A14,DutchAdults,71.818,1
668,2,3,A15,DutchAdults,69.073,1
669,2,10,A14,DutchAdults,131.92,1
670,2,7,A15,DutchAdults,65.487,1
671,2,5,A18,DutchAdults,92.587,1
672,2,9,A14,DutchAdults,71.433,1
673,2,3,A11,DutchAdults,87.684,1
674,2,7,A18,DutchAdults,61.736,1
675,2,5,A12,DutchAdults,69.919,1
676,2,1,A11,DutchAdults,67.921,1
677,2,1,A14,DutchAdults,296.142,1
678,3,10,A13,DutchAdults,73.786,2
679,2,5,A16,DutchAdults,69.436,1
680,3,8,A13,DutchAdults,77.604,2
681,3,10,A16,DutchAdults,77.294,2
682,3,10,A15,DutchAdults,79.687,2
683,2,10,A12,DutchAdults,136.368,1
684,2,3,A16,DutchAdults,97.275,1
685,2,9,A12,DutchAdults,104.723,1
686,2,3,A10,DutchAdults,116.971,1
687,2,3,A18,DutchAdults,74.08,1
688,3,8,A16,DutchAdults,81.737,2
689,3,9,A11,DutchAdults,76.321,2
690,3,7,A11,DutchAdults,75.764,2
691,3,10,A11,DutchAdults,76.776,2
692,3,8,A11,DutchAdults,72.432,2
693,3,2,A13,DutchAdults,79.059,2
694,3,6,A16,DutchAdults,85.952,2
695,3,6,A15,DutchAdults,87.51,2
696,2,1,A16,DutchAdults,96.703,1
697,2,8,A14,DutchAdults,91.3,1
698,3,10,A10,DutchAdults,127.187,2
699,3,2,A15,DutchAdults,122.553,2
700,3,9,A15,DutchAdults,93.954,2
701,3,7,A12,DutchAdults,106.175,2
702,3,7,A18,DutchAdults,112.37,2
703,2,3,A12,DutchAdults,320.771,1
704,3,4,A15,DutchAdults,103.371,2
705,2,5,A11,DutchAdults,69.386,1
706,3,2,A11,DutchAdults,85.703,2
707,3,9,A16,DutchAdults,88.2,2
708,2,4,A16,DutchAdults,86.794,1
709,3,7,A15,DutchAdults,95.537,2
710,2,4,A11,DutchAdults,66.584,1
711,2,7,A14,DutchAdults,100.217,1
712,3,5,A11,DutchAdults,91.887,2
713,3,5,A16,DutchAdults,106.203,2
714,3,4,A11,DutchAdults,90.184,2
715,3,5,A15,DutchAdults,129.886,2
716,3,4,A10,DutchAdults,130.398,2
717,3,5,A12,DutchAdults,109.951,2
718,3,1,A11,DutchAdults,96.425,2
719,3,6,A11,DutchAdults,122.302,2
720,3,9,A14,DutchAdults,114.434,2
721,3,3,A15,DutchAdults,97.806,2
722,3,5,A14,DutchAdults,109.452,2
723,2,6,A10,DutchAdults,153.749,1
724,3,9,A10,DutchAdults,115.712,2
725,3,8,A12,DutchAdults,109.761,2
726,4,10,A13,DutchAdults,114.42,3
727,2,8,A15,DutchAdults,97.472,1
728,3,8,A18,DutchAdults,99.617,2
729,4,7,A11,DutchAdults,98.898,3
730,2,2,A18,DutchAdults,139.852,1
731,3,1,A13,DutchAdults,105.705,2
732,4,9,A11,DutchAdults,100.705,3
733,3,6,A14,DutchAdults,108.249,2
734,3,2,A10,DutchAdults,122.189,2
735,4,8,A13,DutchAdults,100.704,3
736,4,10,A16,DutchAdults,100.395,3
737,3,4,A18,DutchAdults,83.468,2
738,4,10,A15,DutchAdults,103.454,3
739,2,2,A14,DutchAdults,133.373,1
740,3,4,A14,DutchAdults,113.257,2
741,2,1,A12,DutchAdults,208.2,1
742,3,4,A12,DutchAdults,126.855,2
743,4,2,A13,DutchAdults,106.542,3
744,4,8,A16,DutchAdults,106.221,3
745,3,3,A13,DutchAdults,103.598,2
746,4,10,A11,DutchAdults,100.176,3
747,4,6,A16,DutchAdults,111.952,3
748,2,3,A14,DutchAdults,129.35,1
749,3,4,A16,DutchAdults,123.361,2
750,4,4,A18,DutchAdults,140.935,3
751,3,3,A11,DutchAdults,129.684,2
752,3,6,A12,DutchAdults,109.202,2
753,4,6,A15,DutchAdults,120.827,3
754,3,5,A10,DutchAdults,115.728,2
755,4,4,A11,DutchAdults,121.534,3
756,3,2,A16,DutchAdults,122.991,2
757,3,7,A16,DutchAdults,115.197,2
758,3,1,A10,DutchAdults,141.262,2
759,4,9,A16,DutchAdults,114.768,3
760,3,10,A18,DutchAdults,124.274,2
761,3,8,A14,DutchAdults,144.268,2
762,4,8,A11,DutchAdults,99.698,3
763,3,9,A18,DutchAdults,181.938,2
764,4,5,A11,DutchAdults,122.537,3
765,3,4,A13,DutchAdults,120.735,2
766,4,2,A11,DutchAdults,109.769,3
767,3,6,A18,DutchAdults,111.766,2
768,4,9,A15,DutchAdults,115.97,3
769,3,5,A18,DutchAdults,120.204,2
770,4,7,A15,DutchAdults,121.354,3
771,3,3,A16,DutchAdults,144.276,2
772,3,8,A15,DutchAdults,141.405,2
773,4,1,A11,DutchAdults,118.926,3
774,3,5,A13,DutchAdults,130.684,2
775,5,10,A11,DutchAdults,130.309,4
776,3,1,A16,DutchAdults,151.752,2
777,3,7,A14,DutchAdults,117.7,2
778,5,10,A16,DutchAdults,121.477,4
779,5,8,A13,DutchAdults,120.572,4
780,4,3,A15,DutchAdults,178.59,3
781,3,7,A13,DutchAdults,135.437,2
782,4,4,A15,DutchAdults,143.155,3
783,4,8,A18,DutchAdults,159.051,3
784,5,10,A15,DutchAdults,125.821,4
785,5,7,A11,DutchAdults,121.115,4
786,5,9,A11,DutchAdults,123.322,4
787,5,8,A11,DutchAdults,123.198,4
788,5,8,A16,DutchAdults,127.104,4
789,4,3,A13,DutchAdults,132.632,3
790,4,5,A16,DutchAdults,127.504,3
791,5,2,A13,DutchAdults,130.909,4
792,3,9,A12,DutchAdults,135.257,2
793,4,6,A14,DutchAdults,132.932,3
794,4,7,A12,DutchAdults,181.309,3
795,4,5,A14,DutchAdults,129.819,3
796,5,2,A11,DutchAdults,132.702,4
797,5,6,A16,DutchAdults,132.752,4
798,4,7,A18,DutchAdults,135.836,3
799,4,6,A12,DutchAdults,160.704,3
800,5,10,A13,DutchAdults,140.204,4
801,5,9,A16,DutchAdults,135.618,4
802,4,7,A16,DutchAdults,138.796,3
803,4,4,A14,DutchAdults,145.657,3
804,4,9,A10,DutchAdults,158.797,3
805,4,5,A12,DutchAdults,161.401,3
806,4,8,A12,DutchAdults,169.127,3
807,3,3,A10,DutchAdults,316.537,2
808,3,6,A13,DutchAdults,139.045,2
809,5,9,A15,DutchAdults,140.354,4
810,4,5,A10,DutchAdults,155.346,3
811,4,9,A14,DutchAdults,166.566,3
812,2,1,A15,DutchAdults,280.067,1
813,4,7,A14,DutchAdults,208.168,3
814,4,4,A13,DutchAdults,145.767,3
815,5,1,A11,DutchAdults,157.422,4
816,6,7,A11,DutchAdults,150.899,5
817,5,7,A15,DutchAdults,142.287,4
818,5,4,A11,DutchAdults,145.651,4
819,4,6,A11,DutchAdults,163.801,3
820,4,2,A15,DutchAdults,162.07,3
821,5,5,A11,DutchAdults,145.886,4
822,4,2,A16,DutchAdults,273.332,3
823,6,8,A13,DutchAdults,148.705,5
824,6,9,A11,DutchAdults,153.705,5
825,4,4,A16,DutchAdults,151.845,3
826,3,8,A10,DutchAdults,176.854,2
827,5,6,A15,DutchAdults,145.478,4
828,3,3,A18,DutchAdults,216.814,2
829,6,10,A16,DutchAdults,148.295,5
830,3,9,A13,DutchAdults,154.254,2
831,4,4,A12,DutchAdults,175.205,3
832,4,10,A10,DutchAdults,174.705,3
833,6,8,A11,DutchAdults,153.765,5
834,6,10,A15,DutchAdults,152.788,5
835,3,3,A14,DutchAdults,161.634,2
836,4,3,A11,DutchAdults,153.785,3
837,6,8,A16,DutchAdults,154.188,5
838,4,5,A15,DutchAdults,153.869,3
839,5,5,A16,DutchAdults,151.404,4
840,6,10,A11,DutchAdults,161.776,5
841,4,1,A13,DutchAdults,201.805,3
842,4,4,A10,DutchAdults,216.248,3
843,5,6,A14,DutchAdults,213.899,4
844,5,5,A14,DutchAdults,184.719,4
845,3,2,A14,DutchAdults,280.307,2
846,4,5,A13,DutchAdults,154.702,3
847,6,2,A13,DutchAdults,179.76,5
848,5,3,A13,DutchAdults,160.198,4
849,6,6,A16,DutchAdults,158.953,5
850,5,7,A18,DutchAdults,222.836,4
851,3,10,A14,DutchAdults,231.42,2
852,6,2,A11,DutchAdults,161.452,5
853,4,7,A13,DutchAdults,160.004,3
854,6,9,A16,DutchAdults,160.634,5
855,5,7,A16,DutchAdults,163.929,4
856,3,10,A12,DutchAdults,186.002,2
857,3,2,A18,DutchAdults,185.569,2
858,6,10,A13,DutchAdults,165.67,5
859,4,8,A15,DutchAdults,167.472,3
860,4,1,A10,DutchAdults,304.203,3
861,4,6,A13,DutchAdults,177.913,3
862,5,4,A15,DutchAdults,205.722,4
863,6,9,A15,DutchAdults,188.738,5
864,5,4,A18,DutchAdults,293.469,4
865,4,8,A14,DutchAdults,211.184,3
866,4,5,A18,DutchAdults,147.702,3
867,6,7,A15,DutchAdults,192.354,5
868,2,1,A18,DutchAdults,199.406,1
869,5,4,A14,DutchAdults,167.024,4
870,5,4,A13,DutchAdults,191.417,4
871,6,5,A11,DutchAdults,167.737,5
872,6,4,A11,DutchAdults,170.752,5
873,4,10,A18,DutchAdults,155.774,3
874,6,6,A15,DutchAdults,199.977,5
875,5,5,A18,DutchAdults,228.269,4
876,7,7,A11,DutchAdults,168.531,6
877,4,1,A16,DutchAdults,241.203,3
878,7,9,A11,DutchAdults,174.837,6
879,5,3,A11,DutchAdults,178.135,4
880,7,8,A11,DutchAdults,175.699,6
881,3,6,A10,DutchAdults,182.967,2
882,7,8,A16,DutchAdults,183.255,6
883,7,10,A16,DutchAdults,176.694,6
884,6,5,A16,DutchAdults,177.854,5
885,4,2,A10,DutchAdults,179.391,3
886,7,8,A13,DutchAdults,178.821,6
887,5,4,A16,DutchAdults,176.261,4
888,3,7,A10,DutchAdults,259.138,2
889,4,6,A18,DutchAdults,178.767,3
890,5,10,A18,DutchAdults,181.773,4
891,5,5,A15,DutchAdults,212.919,4
892,4,9,A13,DutchAdults,176.07,3
893,6,1,A11,DutchAdults,178.922,5
894,5,5,A13,DutchAdults,180.501,4
895,4,3,A16,DutchAdults,189.276,3
896,5,5,A10,DutchAdults,298.697,4
897,7,10,A15,DutchAdults,186.971,6
898,5,9,A10,DutchAdults,283.845,4
899,5,8,A18,DutchAdults,288.668,4
900,5,7,A13,DutchAdults,188.787,4
901,5,6,A12,DutchAdults,269.203,4
902,4,3,A14,DutchAdults,183.817,3
903,7,10,A11,DutchAdults,181.809,6
904,7,2,A11,DutchAdults,184.219,6
905,5,2,A15,DutchAdults,185.987,4
906,7,6,A16,DutchAdults,188.103,6
907,6,3,A13,DutchAdults,254.399,5
908,5,6,A11,DutchAdults,202.285,4
909,5,9,A14,DutchAdults,230.933,4
910,5,5,A12,DutchAdults,246.567,4
911,6,4,A14,DutchAdults,211.857,5
912,7,9,A16,DutchAdults,189.384,6
913,7,10,A13,DutchAdults,244.937,6
914,6,7,A16,DutchAdults,190.564,5
915,7,5,A11,DutchAdults,194.937,6
916,5,8,A15,DutchAdults,192.523,4
917,5,8,A12,DutchAdults,196.793,4
918,7,4,A11,DutchAdults,197.451,6
919,5,10,A10,DutchAdults,267.286,4
920,4,8,A10,DutchAdults,197.854,3
921,7,5,A16,DutchAdults,206.787,6
922,5,6,A13,DutchAdults,204.295,4
923,5,4,A12,DutchAdults,228.705,4
924,5,3,A15,DutchAdults,209.79,4
925,5,6,A18,DutchAdults,238.634,4
926,5,9,A13,DutchAdults,197.404,4
927,7,1,A11,DutchAdults,396.922,6
928,6,4,A16,DutchAdults,227.778,5
929,7,2,A13,DutchAdults,615.047,6
930,6,3,A11,DutchAdults,280.903,5
931,4,9,A18,DutchAdults,240.587,3
932,4,6,A10,DutchAdults,225.583,3
933,5,3,A14,DutchAdults,244.368,4
934,5,7,A12,DutchAdults,236.775,4
935,5,2,A10,DutchAdults,428.188,4
936,6,5,A14,DutchAdults,247.72,5
937,6,2,A15,DutchAdults,225.137,5
938,4,2,A18,DutchAdults,237.702,3
939,7,9,A15,DutchAdults,443.057,6
940,4,10,A12,DutchAdults,277.918,3
941,5,3,A16,DutchAdults,211.343,4
942,6,5,A13,DutchAdults,215.186,5
943,4,9,A12,DutchAdults,235.824,3
944,6,7,A13,DutchAdults,220.554,5
945,2,2,A12,DutchAdults,446.037,1
946,6,8,A15,DutchAdults,248.455,5
947,6,4,A13,DutchAdults,256.918,5
948,6,8,A12,DutchAdults,383.76,5
949,7,7,A16,DutchAdults,487.163,6
950,5,8,A10,DutchAdults,299.82,4
951,6,9,A13,DutchAdults,224.321,5
952,5,1,A13,DutchAdults,238.204,4
953,3,1,A18,DutchAdults,256.424,2
954,6,6,A11,DutchAdults,230.201,5
955,7,6,A15,DutchAdults,312.111,6
956,6,4,A15,DutchAdults,430.874,5
957,6,6,A13,DutchAdults,444.695,5
958,5,7,A14,DutchAdults,237.433,4
959,7,4,A14,DutchAdults,419.776,6
960,6,3,A15,DutchAdults,232.29,5
961,6,5,A15,DutchAdults,337.169,5
962,6,3,A16,DutchAdults,240.843,5
963,5,4,A10,DutchAdults,259.032,4
964,6,6,A14,DutchAdults,276.949,5
965,5,8,A14,DutchAdults,246.685,4
966,3,1,A12,DutchAdults,279.201,2
967,7,5,A13,DutchAdults,273.035,6
968,4,3,A18,DutchAdults,317.28,3
969,7,7,A13,DutchAdults,275.787,6
970,6,10,A18,DutchAdults,227.274,5
971,7,9,A13,DutchAdults,254.838,6
972,6,7,A18,DutchAdults,355.752,5
973,5,6,A10,DutchAdults,251.284,4
974,7,2,A15,DutchAdults,443.703,6
975,6,5,A18,DutchAdults,339.703,5
976,7,6,A11,DutchAdults,253.702,6
977,7,10,A18,DutchAdults,270.49,6
978,6,9,A14,DutchAdults,293.716,5
979,4,10,A14,DutchAdults,306.42,3
980,7,3,A15,DutchAdults,620.857,6
981,6,4,A12,DutchAdults,430.737,5
982,7,4,A16,DutchAdults,351.78,6
983,7,7,A15,DutchAdults,620.025,6
984,5,2,A18,DutchAdults,284.202,4
985,5,9,A12,DutchAdults,394.757,4
986,6,6,A18,DutchAdults,270.268,5
987,6,1,A13,DutchAdults,282.256,5
988,6,7,A12,DutchAdults,266.791,5
989,5,9,A18,DutchAdults,283.722,4
990,6,3,A14,DutchAdults,480.504,5
991,7,3,A16,DutchAdults,482.395,6
992,6,5,A12,DutchAdults,298.434,5
993,5,1,A16,DutchAdults,342.619,4
994,6,7,A14,DutchAdults,280.033,5
995,7,5,A14,DutchAdults,588.305,6
996,7,8,A15,DutchAdults,343.989,6
997,6,6,A10,DutchAdults,463.75,5
998,7,3,A13,DutchAdults,436.217,6
999,4,1,A18,DutchAdults,280.408,3
1000,6,4,A10,DutchAdults,330.748,5
1001,7,4,A13,DutchAdults,319.584,6
1002,4,7,A10,DutchAdults,317.387,3
1003,6,8,A14,DutchAdults,367.686,5
1004,6,10,A10,DutchAdults,292.388,5
1005,6,6,A12,DutchAdults,512.706,5
1006,7,7,A12,DutchAdults,425.108,6
1007,5,2,A16,DutchAdults,405.017,4
1008,7,6,A18,DutchAdults,504.769,6
1009,7,6,A14,DutchAdults,353.3,6
1010,4,1,A12,DutchAdults,343.201,3
1011,3,1,A15,DutchAdults,347.4,2
1012,4,2,A14,DutchAdults,401.409,3
1013,5,10,A12,DutchAdults,296.752,4
1014,7,3,A11,DutchAdults,359.719,6
1015,7,1,A13,DutchAdults,620.422,6
1016,5,1,A18,DutchAdults,576.495,4
1017,6,9,A10,DutchAdults,340.345,5
1018,6,9,A18,DutchAdults,337.871,5
1019,6,2,A18,DutchAdults,382.268,5
1020,6,8,A18,DutchAdults,449.802,5
1021,7,10,A10,DutchAdults,449.471,6
1022,6,4,A18,DutchAdults,355.468,5
1023,3,1,A14,DutchAdults,357.376,2
1024,7,7,A14,DutchAdults,621.417,6
1025,6,5,A10,DutchAdults,529.698,5
1026,7,5,A12,DutchAdults,520.4,6
1027,6,10,A12,DutchAdults,618.418,5
1028,7,9,A14,DutchAdults,621.433,6
1029,6,8,A10,DutchAdults,423.42,5
1030,5,1,A10,DutchAdults,412.702,4
1031,5,10,A14,DutchAdults,577.421,4
1032,4,3,A10,DutchAdults,406.372,3
1033,5,3,A18,DutchAdults,363.013,4
1034,5,7,A10,DutchAdults,453.888,4
1035,3,3,A12,DutchAdults,373.872,2
1036,7,4,A10,DutchAdults,410.616,6
1037,7,5,A15,DutchAdults,418.385,6
1038,7,5,A18,DutchAdults,523.12,6
1039,7,9,A18,DutchAdults,592.988,6
1040,5,1,A12,DutchAdults,540.201,4
1041,7,9,A10,DutchAdults,415.847,6
1042,6,1,A16,DutchAdults,370.937,5
1043,4,1,A15,DutchAdults,413.934,3
1044,7,7,A18,DutchAdults,451.503,6
1045,4,1,A14,DutchAdults,409.66,3
1046,7,4,A18,DutchAdults,621.968,6
1047,6,3,A18,DutchAdults,455.814,5
1048,7,8,A14,DutchAdults,620.921,6
1049,7,1,A16,DutchAdults,423.053,6
1050,4,3,A12,DutchAdults,611.023,3
1051,7,2,A18,DutchAdults,580.967,6
1052,7,8,A12,DutchAdults,553.76,6
1053,6,9,A12,DutchAdults,511.257,5
1054,5,2,A14,DutchAdults,422.309,4
1055,6,2,A16,DutchAdults,618.024,5
1056,5,3,A10,DutchAdults,602.655,4
1057,5,1,A14,DutchAdults,576.895,4
1058,6,1,A10,DutchAdults,575.212,5
1059,5,1,A15,DutchAdults,438.635,4
1060,6,2,A14,DutchAdults,619.277,5
1061,7,8,A10,DutchAdults,520.487,6
1062,7,4,A15,DutchAdults,455.873,6
1063,6,2,A10,DutchAdults,610.621,5
1064,7,4,A12,DutchAdults,516.472,6
1065,6,1,A15,DutchAdults,471.55,5
1066,7,6,A13,DutchAdults,621.445,6
1067,3,2,A12,DutchAdults,479.387,2
1068,7,8,A18,DutchAdults,614.102,6
1069,6,7,A10,DutchAdults,539.389,5
1070,7,3,A18,DutchAdults,583.313,6
1071,7,6,A10,DutchAdults,605.749,6
1072,7,1,A15,DutchAdults,621.401,6
1073,4,2,A12,DutchAdults,610.387,3
1074,7,3,A14,DutchAdults,621.439,6
1075,7,6,A12,DutchAdults,619.441,6
1076,7,9,A12,DutchAdults,598.757,6
1077,7,5,A10,DutchAdults,573.316,6
1078,7,7,A10,DutchAdults,619.554,6
1079,6,1,A12,DutchAdults,619.701,5
1080,6,1,A14,DutchAdults,617.595,5
1081,7,1,A10,DutchAdults,621.211,6
1082,6,10,A14,DutchAdults,615.971,5
1083,1,8,F,BaYakaChildren,49.142,0
1084,1,7,D,BaYakaChildren,50.692,0
1085,1,4,C,BaYakaChildren,52.168,0
1086,1,10,C,BaYakaChildren,18.376,0
1087,1,3,C,BaYakaChildren,52.223,0
1088,1,10,D,BaYakaChildren,30.749,0
1089,1,1,F,BaYakaChildren,27.313,0
1090,1,11,C,BaYakaChildren,14.961,0
1091,1,8,C,BaYakaChildren,43.764,0
1092,1,9,D,BaYakaChildren,31.244,0
1093,1,1,A,BaYakaChildren,42.913,0
1094,1,7,F,BaYakaChildren,51.435,0
1095,1,1,D,BaYakaChildren,27.534,0
1096,1,4,D,BaYakaChildren,60.046,0
1097,1,6,C,BaYakaChildren,47.404,0
1098,1,1,B,BaYakaChildren,48.601,0
1099,1,11,D,BaYakaChildren,49.649,0
1100,1,6,F,BaYakaChildren,51.177,0
1101,1,11,F,BaYakaChildren,54.665,0
1102,1,2,F,BaYakaChildren,50.598,0
1103,1,6,D,BaYakaChildren,46.143,0
1104,1,2,B,BaYakaChildren,31.474,0
1105,1,5,C,BaYakaChildren,11.801,0
1106,1,9,F,BaYakaChildren,42.859,0
1107,1,7,C,BaYakaChildren,36.238,0
1108,1,10,F,BaYakaChildren,39.715,0
1109,1,3,A,BaYakaChildren,41.087,0
1110,1,6,A,BaYakaChildren,44.415,0
1111,1,8,B,BaYakaChildren,5.747,0
1112,1,10,B,BaYakaChildren,4.77,0
1113,1,9,B,BaYakaChildren,6.028,0
1114,1,11,B,BaYakaChildren,6.636,0
1115,1,3,D,BaYakaChildren,51.119,0
1116,1,10,A,BaYakaChildren,44.193,0
1117,1,3,B,BaYakaChildren,4.207,0
1118,1,2,D,BaYakaChildren,49.292,0
1119,1,6,B,BaYakaChildren,9.317,0
1120,1,1,C,BaYakaChildren,48.65,0
1121,1,8,A,BaYakaChildren,28.95,0
1122,1,9,A,BaYakaChildren,40.518,0
1123,1,4,B,BaYakaChildren,43.194,0
1124,1,5,B,BaYakaChildren,4.958,0
1125,1,2,A,BaYakaChildren,5.343,0
1126,2,2,A,BaYakaChildren,48.201,1
1127,1,5,D,BaYakaChildren,16.811,0
1128,1,5,A,BaYakaChildren,47.429,0
1129,2,7,B,BaYakaChildren,51.076,1
1130,2,3,B,BaYakaChildren,55.344,1
1131,2,10,B,BaYakaChildren,42.111,1
1132,2,5,B,BaYakaChildren,134.633,1
1133,2,9,B,BaYakaChildren,71.086,1
1134,2,8,B,BaYakaChildren,41.221,1
1135,1,8,D,BaYakaChildren,14.828,0
1136,2,6,B,BaYakaChildren,72.385,1
1137,2,11,B,BaYakaChildren,48.102,1
1138,2,8,D,BaYakaChildren,65.695,1
1139,2,11,C,BaYakaChildren,39.687,1
1140,2,5,D,BaYakaChildren,67.295,1
1141,1,11,A,BaYakaChildren,22.821,0
1142,1,3,F,BaYakaChildren,25.216,0
1143,1,4,F,BaYakaChildren,26.639,0
1144,2,10,C,BaYakaChildren,57.776,1
1145,1,4,A,BaYakaChildren,29.647,0
1146,1,7,A,BaYakaChildren,32.503,0
1147,2,11,A,BaYakaChildren,85.321,1
1148,2,4,A,BaYakaChildren,81.606,1
1149,2,3,F,BaYakaChildren,78.407,1
1150,2,1,F,BaYakaChildren,82.038,1
1151,2,1,D,BaYakaChildren,83.803,1
1152,2,4,F,BaYakaChildren,84.839,1
1153,2,8,A,BaYakaChildren,68.8,1
1154,2,7,A,BaYakaChildren,83.82,1
1155,2,10,D,BaYakaChildren,79.159,1
1156,2,9,D,BaYakaChildren,64.069,1
1157,2,2,B,BaYakaChildren,143.742,1
1158,2,7,C,BaYakaChildren,74.114,1
1159,2,10,F,BaYakaChildren,66.748,1
1160,3,8,B,BaYakaChildren,94.988,2
1161,3,10,B,BaYakaChildren,86.236,2
1162,3,11,C,BaYakaChildren,136.361,2
1163,1,5,F,BaYakaChildren,50.28,0
1164,2,1,A,BaYakaChildren,86.94,1
1165,2,4,B,BaYakaChildren,83.418,1
1166,2,9,A,BaYakaChildren,97.151,1
1167,2,3,A,BaYakaChildren,115.745,1
1168,2,6,A,BaYakaChildren,73.583,1
1169,2,9,F,BaYakaChildren,66.859,1
1170,2,10,A,BaYakaChildren,89.693,1
1171,2,6,C,BaYakaChildren,95.539,1
1172,2,5,A,BaYakaChildren,179.365,1
1173,2,1,C,BaYakaChildren,104.309,1
1174,2,6,D,BaYakaChildren,136.744,1
1175,2,2,D,BaYakaChildren,103.183,1
1176,2,11,D,BaYakaChildren,72.742,1
1177,3,11,B,BaYakaChildren,68.211,2
1178,2,2,F,BaYakaChildren,85.225,1
1179,2,5,F,BaYakaChildren,87.031,1
1180,2,7,D,BaYakaChildren,117.302,1
1181,3,7,B,BaYakaChildren,143.434,2
1182,2,6,F,BaYakaChildren,261.059,1
1183,2,8,F,BaYakaChildren,71.251,1
1184,2,1,B,BaYakaChildren,520.587,1
1185,2,3,D,BaYakaChildren,106.134,1
1186,2,3,C,BaYakaChildren,123.356,1
1187,2,8,C,BaYakaChildren,121.964,1
1188,2,7,F,BaYakaChildren,77.619,1
1189,3,3,B,BaYakaChildren,104.669,2
1190,2,4,C,BaYakaChildren,104.078,1
1191,3,2,A,BaYakaChildren,373.249,2
1192,3,10,C,BaYakaChildren,97.235,2
1193,2,11,F,BaYakaChildren,77.307,1
1194,3,9,D,BaYakaChildren,92.91,2
1195,3,10,F,BaYakaChildren,100.065,2
1196,3,8,D,BaYakaChildren,111.645,2
1197,3,8,A,BaYakaChildren,94.507,2
1198,3,5,D,BaYakaChildren,405.727,2
1199,3,5,C,BaYakaChildren,87.301,2
1200,3,9,B,BaYakaChildren,108.379,2
1201,3,8,F,BaYakaChildren,250.942,2
1202,4,11,B,BaYakaChildren,253.902,3
1203,3,9,F,BaYakaChildren,115.425,2
1204,3,6,B,BaYakaChildren,113.775,2
1205,3,7,C,BaYakaChildren,178.53,2
1206,2,4,D,BaYakaChildren,94.846,1
1207,3,11,D,BaYakaChildren,235.648,2
1208,3,6,A,BaYakaChildren,130.915,2
1209,3,7,F,BaYakaChildren,280.518,2
1210,3,11,F,BaYakaChildren,105.665,2
1211,3,3,F,BaYakaChildren,179.258,2
1212,3,1,F,BaYakaChildren,117.988,2
1213,3,10,D,BaYakaChildren,141.249,2
1214,3,4,B,BaYakaChildren,137.927,2
1215,3,7,A,BaYakaChildren,122.161,2
1216,3,1,D,BaYakaChildren,87.872,2
1217,3,4,A,BaYakaChildren,127.972,2
1218,3,4,F,BaYakaChildren,108.639,2
1219,3,11,A,BaYakaChildren,199.821,2
1220,3,5,F,BaYakaChildren,139.28,2
1221,3,2,F,BaYakaChildren,118.876,2
1222,4,10,B,BaYakaChildren,146.545,3
1223,4,5,C,BaYakaChildren,208.036,3
1224,3,10,A,BaYakaChildren,138.693,2
1225,4,8,A,BaYakaChildren,199.875,3
1226,4,8,B,BaYakaChildren,241.287,3
1227,3,6,C,BaYakaChildren,125.555,2
1228,4,9,D,BaYakaChildren,169.002,3
1229,3,1,A,BaYakaChildren,142.584,2
1230,3,4,D,BaYakaChildren,174.546,2
1231,3,9,A,BaYakaChildren,286.651,2
1232,4,10,F,BaYakaChildren,120.24,3
1233,3,4,C,BaYakaChildren,152.994,2
1234,4,3,B,BaYakaChildren,147.168,3
1235,4,11,F,BaYakaChildren,134.799,3
1236,3,2,D,BaYakaChildren,160.657,2
1237,3,1,C,BaYakaChildren,243.605,2
1238,3,3,D,BaYakaChildren,209.177,2
1239,4,9,B,BaYakaChildren,218.304,3
1240,4,8,D,BaYakaChildren,217.562,3
1241,4,1,D,BaYakaChildren,216.044,3
1242,4,4,F,BaYakaChildren,182.681,3
1243,4,9,F,BaYakaChildren,355.625,3
1244,4,6,B,BaYakaChildren,523.867,3
1245,3,7,D,BaYakaChildren,198.692,2
1246,3,3,A,BaYakaChildren,199.745,2
1247,4,1,F,BaYakaChildren,197.815,3
1248,4,2,F,BaYakaChildren,146.931,3
1249,3,8,C,BaYakaChildren,175.998,2
1250,3,3,C,BaYakaChildren,163.681,2
1251,5,10,F,BaYakaChildren,168.715,4
1252,4,7,A,BaYakaChildren,246.503,3
1253,4,4,A,BaYakaChildren,249.905,3
1254,4,6,C,BaYakaChildren,176.972,3
1255,5,10,C,BaYakaChildren,171.251,4
1256,5,11,F,BaYakaChildren,185.707,4
1257,3,5,B,BaYakaChildren,176.933,2
1258,4,10,A,BaYakaChildren,171.719,3
1259,4,11,C,BaYakaChildren,304.528,3
1260,4,6,A,BaYakaChildren,206.708,3
1261,4,4,B,BaYakaChildren,234.186,3
1262,4,5,F,BaYakaChildren,162.639,3
1263,4,7,B,BaYakaChildren,179.17,3
1264,3,6,D,BaYakaChildren,247.744,2
1265,4,1,A,BaYakaChildren,196.918,3
1266,5,10,B,BaYakaChildren,167.235,4
1267,4,10,D,BaYakaChildren,221.16,3
1268,5,2,F,BaYakaChildren,195.198,4
1269,5,3,B,BaYakaChildren,229.272,4
1270,4,4,C,BaYakaChildren,211.669,3
1271,4,2,D,BaYakaChildren,194.933,3
1272,3,2,B,BaYakaChildren,169.242,2
1273,4,3,C,BaYakaChildren,209.082,3
1274,6,10,F,BaYakaChildren,299.839,5
1275,5,9,D,BaYakaChildren,218.021,4
1276,5,5,F,BaYakaChildren,223.28,4
1277,6,10,B,BaYakaChildren,210.736,5
1278,6,10,C,BaYakaChildren,300.234,5
1279,5,10,A,BaYakaChildren,200.193,4
1280,4,8,C,BaYakaChildren,204.406,3
1281,5,6,C,BaYakaChildren,234.039,4
1282,4,7,C,BaYakaChildren,276.93,3
1283,4,4,D,BaYakaChildren,271.904,3
1284,3,5,A,BaYakaChildren,221.937,2
1285,4,3,F,BaYakaChildren,211.216,3
1286,5,4,F,BaYakaChildren,245.222,4
1287,6,11,F,BaYakaChildren,271.956,5
1288,4,5,B,BaYakaChildren,611.933,3
1289,4,2,B,BaYakaChildren,201.533,3
1290,5,2,D,BaYakaChildren,275.291,4
1291,5,1,F,BaYakaChildren,303.905,4
1292,4,3,A,BaYakaChildren,444.245,3
1293,5,8,A,BaYakaChildren,360.232,4
1294,6,10,A,BaYakaChildren,239.319,5
1295,5,2,B,BaYakaChildren,292.257,4
1296,5,7,B,BaYakaChildren,293.173,4
1297,4,11,A,BaYakaChildren,275.321,3
1298,5,1,A,BaYakaChildren,405.917,4
1299,5,8,C,BaYakaChildren,530.015,4
1300,5,3,C,BaYakaChildren,293.339,4
1301,5,6,A,BaYakaChildren,270.282,4
1302,6,2,F,BaYakaChildren,266.695,5
1303,7,10,B,BaYakaChildren,566.302,6
1304,5,3,F,BaYakaChildren,254.916,4
1305,4,3,D,BaYakaChildren,270.077,3
1306,5,5,C,BaYakaChildren,272.302,4
1307,6,9,D,BaYakaChildren,240.912,5
1308,5,9,B,BaYakaChildren,379.011,4
1309,5,1,D,BaYakaChildren,543.786,4
1310,4,7,D,BaYakaChildren,223.786,3
1311,4,5,A,BaYakaChildren,320.407,3
1312,6,5,F,BaYakaChildren,313.78,5
1313,5,7,D,BaYakaChildren,391.165,4
1314,5,10,D,BaYakaChildren,366.082,4
1315,6,3,B,BaYakaChildren,270.191,5
1316,6,6,C,BaYakaChildren,446.28,5
1317,5,4,B,BaYakaChildren,313.194,4
1318,4,11,D,BaYakaChildren,261.148,3
1319,7,10,A,BaYakaChildren,346.702,6
1320,7,9,D,BaYakaChildren,293.22,6
1321,5,8,B,BaYakaChildren,385.721,4
1322,5,8,D,BaYakaChildren,287.195,4
1323,6,4,F,BaYakaChildren,322.847,5
1324,4,1,C,BaYakaChildren,302.583,3
1325,5,4,A,BaYakaChildren,501.706,4
1326,4,6,D,BaYakaChildren,324.561,3
1327,4,8,F,BaYakaChildren,285.645,3
1328,5,11,B,BaYakaChildren,368.602,4
1329,6,3,F,BaYakaChildren,320.515,5
1330,5,11,D,BaYakaChildren,455.149,4
1331,3,6,F,BaYakaChildren,293.343,2
1332,5,4,C,BaYakaChildren,616.669,4
1333,7,2,F,BaYakaChildren,474.4,6
1334,7,3,B,BaYakaChildren,318.882,6
1335,6,5,C,BaYakaChildren,327.118,5
1336,5,3,D,BaYakaChildren,346.677,4
1337,6,6,A,BaYakaChildren,328.415,5
1338,5,4,D,BaYakaChildren,442.546,4
1339,7,11,F,BaYakaChildren,380.665,6
1340,6,2,D,BaYakaChildren,470.792,5
1341,5,7,C,BaYakaChildren,409.921,4
1342,5,11,A,BaYakaChildren,367.937,4
1343,4,7,F,BaYakaChildren,338.544,3
1344,5,7,A,BaYakaChildren,285.636,4
1345,6,7,A,BaYakaChildren,498.611,5
1346,5,8,F,BaYakaChildren,605.962,4
1347,6,2,B,BaYakaChildren,327.949,5
1348,6,7,B,BaYakaChildren,320.692,5
1349,4,6,F,BaYakaChildren,613.167,3
1350,6,3,C,BaYakaChildren,485.748,5
1351,7,10,F,BaYakaChildren,349.765,6
1352,6,8,D,BaYakaChildren,359.32,5
1353,4,9,A,BaYakaChildren,310.975,3
1354,5,11,C,BaYakaChildren,352.428,4
1355,6,1,F,BaYakaChildren,354.131,5
1356,5,9,A,BaYakaChildren,354.843,4
1357,7,5,F,BaYakaChildren,604.564,6
1358,6,4,B,BaYakaChildren,363.852,5
1359,7,3,F,BaYakaChildren,618.441,6
1360,5,5,A,BaYakaChildren,446.87,4
1361,7,7,B,BaYakaChildren,611.584,6
1362,5,6,D,BaYakaChildren,465.244,4
1363,7,4,F,BaYakaChildren,418.58,6
1364,7,5,C,BaYakaChildren,359.893,6
1365,7,6,A,BaYakaChildren,387.915,6
1366,7,2,B,BaYakaChildren,437.052,6
1367,5,7,F,BaYakaChildren,413.719,4
1368,5,1,C,BaYakaChildren,343.315,4
1369,6,1,C,BaYakaChildren,515.025,5
1370,6,11,C,BaYakaChildren,620.362,5
1371,7,1,F,BaYakaChildren,584.889,6
1372,6,9,A,BaYakaChildren,526.309,5
1373,5,9,F,BaYakaChildren,408.642,4
1374,7,8,D,BaYakaChildren,443.695,6
1375,6,8,A,BaYakaChildren,384.732,5
1376,6,10,D,BaYakaChildren,515.638,5
1377,7,4,B,BaYakaChildren,430.694,6
1378,6,11,A,BaYakaChildren,534.321,5
1379,6,11,B,BaYakaChildren,403.736,5
1380,4,2,A,BaYakaChildren,427.71,3
1381,7,10,C,BaYakaChildren,576.234,6
1382,6,9,B,BaYakaChildren,421.186,5
1383,7,8,A,BaYakaChildren,622.391,6
1384,6,8,B,BaYakaChildren,444.721,5
1385,6,7,D,BaYakaChildren,443.696,5
1386,6,3,D,BaYakaChildren,621.177,5
1387,7,11,B,BaYakaChildren,618.103,6
1388,4,5,D,BaYakaChildren,477.653,3
1389,6,1,A,BaYakaChildren,434.923,5
1390,6,9,F,BaYakaChildren,610.443,5
1391,6,7,F,BaYakaChildren,496.435,5
1392,6,7,C,BaYakaChildren,434.354,5
1393,7,9,B,BaYakaChildren,602.511,6
1394,7,1,A,BaYakaChildren,477.421,6
1395,5,2,A,BaYakaChildren,469.829,4
1396,7,7,C,BaYakaChildren,481.296,6
1397,6,4,D,BaYakaChildren,537.546,5
1398,5,3,A,BaYakaChildren,585.829,4
1399,7,8,B,BaYakaChildren,591.712,6
1400,7,6,C,BaYakaChildren,549.139,6
1401,6,5,A,BaYakaChildren,579.457,5
1402,7,7,D,BaYakaChildren,550.207,6
1403,6,11,D,BaYakaChildren,612.825,5
1404,6,6,D,BaYakaChildren,519.244,5
1405,7,2,D,BaYakaChildren,519.292,6
1406,6,2,A,BaYakaChildren,535.956,5
1407,5,5,D,BaYakaChildren,569.153,4
1408,7,3,C,BaYakaChildren,575.75,6
1409,7,7,F,BaYakaChildren,621.838,6
1410,7,7,A,BaYakaChildren,579.225,6
1411,6,4,A,BaYakaChildren,587.422,5
1412,7,1,C,BaYakaChildren,627.371,6
1413,7,10,D,BaYakaChildren,598.667,6
1414,5,6,B,BaYakaChildren,563.317,4
1415,3,1,B,BaYakaChildren,594.589,2
1416,7,6,D,BaYakaChildren,559.744,6
1417,7,9,A,BaYakaChildren,595.409,6
1418,6,8,C,BaYakaChildren,597.139,5
1419,7,11,A,BaYakaChildren,623.321,6
1420,7,2,A,BaYakaChildren,622.26,6
1421,7,4,D,BaYakaChildren,621.546,6
1422,6,1,D,BaYakaChildren,603.185,5
1423,6,6,B,BaYakaChildren,609.135,5
1424,6,5,D,BaYakaChildren,616.155,5
1425,7,5,A,BaYakaChildren,593.876,6
1426,7,4,A,BaYakaChildren,587.905,6
1427,4,1,B,BaYakaChildren,601.514,3
1428,6,8,F,BaYakaChildren,616.143,5
1429,1,1,saphira,Chimpanzees,125.15,0
1430,1,6,leen,Chimpanzees,8.836,0
1431,1,7,leen,Chimpanzees,218.883,0
1432,1,2,saphira,Chimpanzees,424.84,0
1433,1,5,quincy,Chimpanzees,23.372,0
1434,1,6,saphira,Chimpanzees,209.652,0
1435,1,10,leen,Chimpanzees,154.664,0
1436,1,7,amber,Chimpanzees,195.184,0
1437,1,1,leen,Chimpanzees,352.863,0
1438,1,9,saphira,Chimpanzees,513.454,0
1439,1,2,leen,Chimpanzees,38.133,0
1440,1,10,vizuri,Chimpanzees,29.022,0
1441,1,9,vizuri,Chimpanzees,87.83,0
1442,1,4,saphira,Chimpanzees,23.351,0
1443,1,1,amber,Chimpanzees,181.62,0
1444,1,3,saphira,Chimpanzees,31.597,0
1445,1,9,leen,Chimpanzees,219.134,0
1446,1,8,amber,Chimpanzees,320.121,0
1447,1,8,leen,Chimpanzees,219.161,0
1448,1,11,saphira,Chimpanzees,77.643,0
1449,1,11,leen,Chimpanzees,154.645,0
1450,1,3,quincy,Chimpanzees,71.145,0
1451,1,9,quincy,Chimpanzees,178.652,0
1452,1,3,vizuri,Chimpanzees,43.652,0
1453,1,4,leen,Chimpanzees,107.155,0
1454,1,11,quincy,Chimpanzees,501.164,0
1455,1,4,quincy,Chimpanzees,71.348,0
1456,1,5,vizuri,Chimpanzees,28.671,0
1457,1,10,quincy,Chimpanzees,501.177,0
1458,1,8,quincy,Chimpanzees,58.878,0
1459,1,6,amber,Chimpanzees,7.702,0
1460,1,9,amber,Chimpanzees,5.165,0
1461,1,7,saphira,Chimpanzees,41.637,0
1462,1,6,quincy,Chimpanzees,66.629,0
1463,1,11,vizuri,Chimpanzees,43.664,0
1464,1,2,vizuri,Chimpanzees,43.666,0
1465,1,3,leen,Chimpanzees,37.883,0
1466,1,5,amber,Chimpanzees,356.888,0
1467,1,3,amber,Chimpanzees,144.925,0
1468,1,11,amber,Chimpanzees,89.151,0
1469,1,1,quincy,Chimpanzees,370.26,0
1470,1,10,saphira,Chimpanzees,55.885,0
1471,1,5,saphira,Chimpanzees,22.52,0
1472,1,7,quincy,Chimpanzees,69.352,0
1473,1,4,amber,Chimpanzees,89.668,0
1474,1,2,amber,Chimpanzees,42.95,0
1475,1,1,vizuri,Chimpanzees,19.455,0
1476,1,7,vizuri,Chimpanzees,35.316,0
1477,1,6,vizuri,Chimpanzees,62.406,0
1478,2,6,leen,Chimpanzees,698.838,1
1479,1,8,vizuri,Chimpanzees,51.427,0
1480,1,8,saphira,Chimpanzees,77.104,0
1481,1,10,amber,Chimpanzees,62.654,0
1482,1,4,vizuri,Chimpanzees,38.265,0
1483,2,1,vizuri,Chimpanzees,111.938,1
1484,2,5,quincy,Chimpanzees,80.872,1
1485,2,4,saphira,Chimpanzees,99.35,1
1486,2,5,vizuri,Chimpanzees,77.172,1
1487,2,9,amber,Chimpanzees,310.6,1
1488,2,10,vizuri,Chimpanzees,87.159,1
1489,2,3,saphira,Chimpanzees,409.1,1
1490,2,7,vizuri,Chimpanzees,85.2,1
1491,2,2,leen,Chimpanzees,85.667,1
1492,1,5,leen,Chimpanzees,83.66,0
1493,1,2,quincy,Chimpanzees,49.862,0
1494,2,2,vizuri,Chimpanzees,78.366,1
1495,2,3,vizuri,Chimpanzees,78.453,1
1496,2,11,vizuri,Chimpanzees,78.515,1
1497,2,2,amber,Chimpanzees,100.283,1
1498,2,7,saphira,Chimpanzees,126.137,1
1499,2,3,leen,Chimpanzees,85.834,1
1500,2,8,vizuri,Chimpanzees,124.578,1
1501,2,6,amber,Chimpanzees,154.102,1
1502,2,2,quincy,Chimpanzees,107.662,1
1503,2,8,quincy,Chimpanzees,233.88,1
1504,2,6,vizuri,Chimpanzees,918.411,1
1505,2,10,saphira,Chimpanzees,126.152,1
1506,2,10,amber,Chimpanzees,95.654,1
1507,2,4,vizuri,Chimpanzees,100.649,1
1508,2,7,quincy,Chimpanzees,601.853,1
1509,2,6,quincy,Chimpanzees,604.165,1
1510,2,3,quincy,Chimpanzees,136.145,1
1511,2,4,quincy,Chimpanzees,139.331,1
1512,2,8,saphira,Chimpanzees,109.105,1
1513,3,3,vizuri,Chimpanzees,175.154,2
1514,3,11,vizuri,Chimpanzees,175.215,2
1515,3,2,vizuri,Chimpanzees,165.95,2
1516,2,11,saphira,Chimpanzees,132.143,1
1517,3,5,quincy,Chimpanzees,121.373,2
1518,3,5,vizuri,Chimpanzees,607.675,2
1519,2,5,leen,Chimpanzees,1493.166,1
1520,3,7,vizuri,Chimpanzees,153.75,2
1521,3,2,leen,Chimpanzees,140.634,2
1522,3,3,leen,Chimpanzees,140.833,2
1523,2,9,vizuri,Chimpanzees,154.063,1
1524,2,4,amber,Chimpanzees,604.221,1
1525,3,2,amber,Chimpanzees,182.784,2
1526,3,4,vizuri,Chimpanzees,151.149,2
1527,2,11,amber,Chimpanzees,357.301,1
1528,3,10,vizuri,Chimpanzees,128.157,2
1529,3,4,saphira,Chimpanzees,197.351,2
1530,3,8,saphira,Chimpanzees,160.106,2
1531,2,4,leen,Chimpanzees,603.256,1
1532,3,2,quincy,Chimpanzees,614.664,2
1533,3,10,amber,Chimpanzees,146.154,2
1534,3,1,vizuri,Chimpanzees,206.155,2
1535,2,1,saphira,Chimpanzees,170.167,1
1536,3,7,saphira,Chimpanzees,156.137,2
1537,3,8,vizuri,Chimpanzees,183.578,2
1538,3,10,saphira,Chimpanzees,167.652,2
1539,4,10,vizuri,Chimpanzees,180.024,3
1540,3,11,saphira,Chimpanzees,201.794,2
1541,3,3,quincy,Chimpanzees,167.646,2
1542,3,4,quincy,Chimpanzees,167.798,2
1543,4,3,leen,Chimpanzees,600.836,3
1544,4,2,leen,Chimpanzees,933.404,3
1545,2,3,amber,Chimpanzees,604.427,1
1546,4,10,amber,Chimpanzees,225.154,3
1547,4,5,quincy,Chimpanzees,207.389,3
1548,4,4,vizuri,Chimpanzees,192.333,3
1549,3,9,vizuri,Chimpanzees,610.331,2
1550,3,6,amber,Chimpanzees,290.602,2
1551,2,10,leen,Chimpanzees,266.166,1
1552,2,11,leen,Chimpanzees,266.346,1
1553,4,7,saphira,Chimpanzees,467.14,3
1554,4,7,vizuri,Chimpanzees,213.201,3
1555,4,8,saphira,Chimpanzees,606.641,3
1556,4,3,quincy,Chimpanzees,213.649,3
1557,4,4,quincy,Chimpanzees,216.664,3
1558,4,10,saphira,Chimpanzees,610.804,3
1559,3,1,saphira,Chimpanzees,234.651,2
1560,4,3,vizuri,Chimpanzees,209.653,3
1561,4,11,vizuri,Chimpanzees,198.632,3
1562,2,9,quincy,Chimpanzees,265.653,1
1563,2,1,amber,Chimpanzees,604.988,1
1564,5,10,vizuri,Chimpanzees,615.661,4
1565,4,2,amber,Chimpanzees,264.285,3
1566,4,8,vizuri,Chimpanzees,250.645,3
1567,4,2,vizuri,Chimpanzees,209.234,3
1568,2,7,amber,Chimpanzees,294.184,1
1569,5,3,vizuri,Chimpanzees,308.155,4
1570,2,6,saphira,Chimpanzees,254.152,1
1571,5,11,vizuri,Chimpanzees,305.483,4
1572,5,5,quincy,Chimpanzees,617.374,4
1573,5,3,quincy,Chimpanzees,282.146,4
1574,5,4,quincy,Chimpanzees,281.998,4
1575,5,2,vizuri,Chimpanzees,308.484,4
1576,4,11,saphira,Chimpanzees,273.144,3
1577,2,7,leen,Chimpanzees,397.35,1
1578,2,8,leen,Chimpanzees,394.961,1
1579,2,9,leen,Chimpanzees,397.135,1
1580,4,1,vizuri,Chimpanzees,685.174,3
1581,5,10,amber,Chimpanzees,620.156,4
1582,5,7,vizuri,Chimpanzees,237.701,4
1583,3,8,quincy,Chimpanzees,606.382,2
1584,4,1,saphira,Chimpanzees,403.152,3
1585,6,7,vizuri,Chimpanzees,520.92,5
1586,5,4,vizuri,Chimpanzees,240.083,4
1587,6,4,vizuri,Chimpanzees,310.65,5
1588,3,6,saphira,Chimpanzees,305.153,2
1589,4,4,saphira,Chimpanzees,611.853,3
1590,4,5,saphira,Chimpanzees,603.656,3
1591,5,8,vizuri,Chimpanzees,287.645,4
1592,5,2,amber,Chimpanzees,298.785,4
1593,3,11,leen,Chimpanzees,424.148,2
1594,3,9,quincy,Chimpanzees,289.536,2
1595,5,11,saphira,Chimpanzees,305.144,4
1596,3,10,leen,Chimpanzees,430.165,2
1597,6,4,quincy,Chimpanzees,671.167,5
1598,6,3,quincy,Chimpanzees,617.381,5
1599,4,6,amber,Chimpanzees,612.605,3
1600,6,8,vizuri,Chimpanzees,368.779,5
1601,3,7,amber,Chimpanzees,445.686,2
1602,6,2,amber,Chimpanzees,504.652,5
1603,6,11,saphira,Chimpanzees,617.146,5
1604,4,9,quincy,Chimpanzees,420.654,3
1605,6,3,vizuri,Chimpanzees,1139.04,5
1606,6,2,vizuri,Chimpanzees,1411.322,5
1607,6,11,vizuri,Chimpanzees,617.668,5
1608,3,9,amber,Chimpanzees,370.1,2
1609,4,6,saphira,Chimpanzees,609.304,3
1610,7,4,vizuri,Chimpanzees,403.15,6
1611,2,8,amber,Chimpanzees,455.622,1
1612,2,1,leen,Chimpanzees,603.813,1
1613,2,5,amber,Chimpanzees,647.389,1
1614,3,11,amber,Chimpanzees,561.653,2
1615,7,8,vizuri,Chimpanzees,621.646,6
1616,2,1,quincy,Chimpanzees,536.544,1
1617,4,9,amber,Chimpanzees,412.1,3
1618,3,9,leen,Chimpanzees,601.136,2
1619,3,7,leen,Chimpanzees,608.568,2
1620,5,1,saphira,Chimpanzees,615.436,4
1621,3,8,leen,Chimpanzees,601.113,2
1622,3,3,saphira,Chimpanzees,585.151,2
1623,5,9,amber,Chimpanzees,474.587,4
1624,5,9,quincy,Chimpanzees,592.156,4
1625,2,2,saphira,Chimpanzees,463.839,1
1626,4,10,leen,Chimpanzees,547.533,3
1627,4,11,leen,Chimpanzees,468.431,3
1628,4,7,amber,Chimpanzees,610.403,3
1629,3,8,amber,Chimpanzees,564.622,2
1630,3,2,saphira,Chimpanzees,606.34,2
1631,5,7,saphira,Chimpanzees,511.139,4
1632,6,9,amber,Chimpanzees,614.1,5
1633,2,11,quincy,Chimpanzees,601.665,1
1634,2,10,quincy,Chimpanzees,601.228,1
1635,7,2,amber,Chimpanzees,610.903,6
1636,2,9,saphira,Chimpanzees,581.454,1
1637,6,7,saphira,Chimpanzees,617.64,5
1638,7,7,vizuri,Chimpanzees,620.452,6
1639,3,1,quincy,Chimpanzees,693.195,2
1640,4,11,amber,Chimpanzees,611.286,3
1641,5,11,leen,Chimpanzees,601.151,4
1642,4,8,amber,Chimpanzees,610.538,3
1643,5,10,leen,Chimpanzees,614.667,4
1644,3,9,saphira,Chimpanzees,599.155,2
1645,6,9,quincy,Chimpanzees,646.655,5
1646,7,9,amber,Chimpanzees,619.817,6
1647,3,5,leen,Chimpanzees,1754.717,2
1648,1,1,1,ABM_chimp,51,1
1649,2,1,1,ABM_chimp,130,2
1650,3,1,1,ABM_chimp,200,3
1651,4,1,1,ABM_chimp,282,4
1652,5,1,1,ABM_chimp,320,5
1653,1,2,1,ABM_chimp,176,1
1654,2,2,1,ABM_chimp,252,2
1655,3,2,1,ABM_chimp,297,3
1656,4,2,1,ABM_chimp,391,4
1657,5,2,1,ABM_chimp,600,5
1658,1,3,1,ABM_chimp,31,1
1659,2,3,1,ABM_chimp,362,2
1660,3,3,1,ABM_chimp,426,3
1661,4,3,1,ABM_chimp,578,4
1662,1,4,1,ABM_chimp,83,1
1663,2,4,1,ABM_chimp,169,2
1664,3,4,1,ABM_chimp,478,3
1665,1,5,1,ABM_chimp,35,1
1666,2,5,1,ABM_chimp,151,2
1667,3,5,1,ABM_chimp,282,3
1668,4,5,1,ABM_chimp,401,4
1669,1,6,1,ABM_chimp,337,1
1670,2,6,1,ABM_chimp,387,2
1671,3,6,1,ABM_chimp,465,3
1672,1,7,1,ABM_chimp,127,1
1673,2,7,1,ABM_chimp,174,2
1674,3,7,1,ABM_chimp,205,3
1675,4,7,1,ABM_chimp,512,4
1676,1,8,1,ABM_chimp,83,1
1677,2,8,1,ABM_chimp,113,2
1678,3,8,1,ABM_chimp,262,3
1679,4,8,1,ABM_chimp,475,4
1680,1,9,1,ABM_chimp,29,1
1681,2,9,1,ABM_chimp,99,2
1682,3,9,1,ABM_chimp,136,3
1683,4,9,1,ABM_chimp,488,4
1684,1,10,1,ABM_chimp,32,1
1685,2,10,1,ABM_chimp,142,2
1686,1,11,1,ABM_chimp,75,1
1687,2,11,1,ABM_chimp,140,2
1688,3,11,1,ABM_chimp,389,3
1689,4,11,1,ABM_chimp,428,4
1690,5,11,1,ABM_chimp,524,5
1691,1,1,2,ABM_chimp,301,1
1692,2,1,2,ABM_chimp,392,2
1693,1,3,2,ABM_chimp,403,1
1694,1,4,2,ABM_chimp,82,1
1695,2,4,2,ABM_chimp,153,2
1696,3,4,2,ABM_chimp,190,3
1697,4,4,2,ABM_chimp,225,4
1698,1,5,2,ABM_chimp,166,1
1699,2,5,2,ABM_chimp,370,2
1700,1,6,2,ABM_chimp,226,1
1701,2,6,2,ABM_chimp,510,2
1702,1,7,2,ABM_chimp,486,1
1703,2,7,2,ABM_chimp,510,2
1704,1,8,2,ABM_chimp,34,1
1705,2,8,2,ABM_chimp,175,2
1706,1,9,2,ABM_chimp,167,1
1707,2,9,2,ABM_chimp,339,2
1708,3,9,2,ABM_chimp,521,3
1709,1,10,2,ABM_chimp,99,1
1710,1,11,2,ABM_chimp,249,1
1711,1,3,3,ABM_chimp,87,1
1712,2,3,3,ABM_chimp,246,2
1713,1,6,3,ABM_chimp,145,1
1714,2,6,3,ABM_chimp,198,2
1715,1,7,3,ABM_chimp,293,1
1716,1,8,3,ABM_chimp,180,1
1717,1,10,3,ABM_chimp,61,1
1718,2,10,3,ABM_chimp,137,2
1719,3,10,3,ABM_chimp,349,3
1720,1,11,3,ABM_chimp,275,1
1721,1,2,4,ABM_chimp,44,1
1722,2,2,4,ABM_chimp,470,2
1723,1,10,4,ABM_chimp,434,1
1724,1,5,6,ABM_chimp,48,1
1725,1,1,1,ABM_chimp,74,NA
1726,2,1,1,ABM_chimp,180,NA
1727,3,1,1,ABM_chimp,211,NA
1728,1,2,1,ABM_chimp,87,NA
1729,2,2,1,ABM_chimp,302,NA
1730,3,2,1,ABM_chimp,341,NA
1731,1,3,1,ABM_chimp,144,NA
1732,2,3,1,ABM_chimp,471,NA
1733,1,4,1,ABM_chimp,124,NA
1734,2,4,1,ABM_chimp,252,NA
1735,1,5,1,ABM_chimp,113,NA
1736,2,5,1,ABM_chimp,256,NA
1737,3,5,1,ABM_chimp,327,NA
1738,4,5,1,ABM_chimp,392,NA
1739,1,6,1,ABM_chimp,189,NA
1740,2,6,1,ABM_chimp,299,NA
1741,1,7,1,ABM_chimp,138,NA
1742,2,7,1,ABM_chimp,298,NA
1743,3,7,1,ABM_chimp,382,NA
1744,1,8,1,ABM_chimp,298,NA
1745,1,9,1,ABM_chimp,92,NA
1746,2,9,1,ABM_chimp,176,NA
1747,3,9,1,ABM_chimp,323,NA
1748,4,9,1,ABM_chimp,385,NA
1749,1,10,1,ABM_chimp,115,NA
1750,2,10,1,ABM_chimp,296,NA
1751,3,10,1,ABM_chimp,421,NA
1752,4,10,1,ABM_chimp,577,NA
1753,1,11,1,ABM_chimp,119,NA
1754,2,11,1,ABM_chimp,347,NA
1755,1,1,2,ABM_chimp,179,NA
1756,2,1,2,ABM_chimp,331,NA
1757,3,1,2,ABM_chimp,420,NA
1758,4,1,2,ABM_chimp,561,NA
1759,1,2,2,ABM_chimp,51,NA
1760,2,2,2,ABM_chimp,137,NA
1761,3,2,2,ABM_chimp,177,NA
1762,4,2,2,ABM_chimp,213,NA
1763,5,2,2,ABM_chimp,303,NA
1764,1,3,2,ABM_chimp,92,NA
1765,2,3,2,ABM_chimp,173,NA
1766,3,3,2,ABM_chimp,587,NA
1767,1,4,2,ABM_chimp,154,NA
1768,2,4,2,ABM_chimp,373,NA
1769,1,5,2,ABM_chimp,92,NA
1770,2,5,2,ABM_chimp,233,NA
1771,3,5,2,ABM_chimp,392,NA
1772,4,5,2,ABM_chimp,519,NA
1773,1,6,2,ABM_chimp,48,NA
1774,2,6,2,ABM_chimp,100,NA
1775,3,6,2,ABM_chimp,143,NA
1776,4,6,2,ABM_chimp,444,NA
1777,1,7,2,ABM_chimp,44,NA
1778,2,7,2,ABM_chimp,75,NA
1779,3,7,2,ABM_chimp,166,NA
1780,4,7,2,ABM_chimp,561,NA
1781,1,8,2,ABM_chimp,230,NA
1782,2,8,2,ABM_chimp,491,NA
1783,3,8,2,ABM_chimp,557,NA
1784,1,9,2,ABM_chimp,75,NA
1785,2,9,2,ABM_chimp,214,NA
1786,3,9,2,ABM_chimp,499,NA
1787,4,9,2,ABM_chimp,566,NA
1788,1,10,2,ABM_chimp,38,NA
1789,2,10,2,ABM_chimp,76,NA
1790,3,10,2,ABM_chimp,134,NA
1791,4,10,2,ABM_chimp,277,NA
1792,1,11,2,ABM_chimp,96,NA
1793,2,11,2,ABM_chimp,215,NA
1794,3,11,2,ABM_chimp,349,NA
1795,1,1,3,ABM_chimp,91,NA
1796,2,1,3,ABM_chimp,131,NA
1797,3,1,3,ABM_chimp,176,NA
1798,4,1,3,ABM_chimp,210,NA
1799,5,1,3,ABM_chimp,355,NA
1800,6,1,3,ABM_chimp,526,NA
1801,1,2,3,ABM_chimp,202,NA
1802,2,2,3,ABM_chimp,250,NA
1803,3,2,3,ABM_chimp,443,NA
1804,1,3,3,ABM_chimp,60,NA
1805,2,3,3,ABM_chimp,120,NA
1806,3,3,3,ABM_chimp,162,NA
1807,4,3,3,ABM_chimp,311,NA
1808,5,3,3,ABM_chimp,476,NA
1809,1,4,3,ABM_chimp,306,NA
1810,2,4,3,ABM_chimp,422,NA
1811,1,5,3,ABM_chimp,229,NA
1812,2,5,3,ABM_chimp,318,NA
1813,1,6,3,ABM_chimp,241,NA
1814,2,6,3,ABM_chimp,337,NA
1815,3,6,3,ABM_chimp,500,NA
1816,1,7,3,ABM_chimp,210,NA
1817,2,7,3,ABM_chimp,281,NA
1818,3,7,3,ABM_chimp,502,NA
1819,1,8,3,ABM_chimp,75,NA
1820,2,8,3,ABM_chimp,211,NA
1821,3,8,3,ABM_chimp,351,NA
1822,4,8,3,ABM_chimp,532,NA
1823,1,9,3,ABM_chimp,187,NA
1824,2,9,3,ABM_chimp,225,NA
1825,3,9,3,ABM_chimp,359,NA
1826,4,9,3,ABM_chimp,579,NA
1827,1,10,3,ABM_chimp,87,NA
1828,2,10,3,ABM_chimp,151,NA
1829,1,11,3,ABM_chimp,85,NA
1830,2,11,3,ABM_chimp,240,NA
1831,3,11,3,ABM_chimp,331,NA
1832,1,1,4,ABM_chimp,72,NA
1833,2,1,4,ABM_chimp,125,NA
1834,3,1,4,ABM_chimp,490,NA
1835,4,1,4,ABM_chimp,593,NA
1836,1,2,4,ABM_chimp,176,NA
1837,2,2,4,ABM_chimp,338,NA
1838,3,2,4,ABM_chimp,513,NA
1839,1,3,4,ABM_chimp,117,NA
1840,2,3,4,ABM_chimp,175,NA
1841,3,3,4,ABM_chimp,293,NA
1842,4,3,4,ABM_chimp,332,NA
1843,5,3,4,ABM_chimp,438,NA
1844,1,4,4,ABM_chimp,111,NA
1845,2,4,4,ABM_chimp,494,NA
1846,1,5,4,ABM_chimp,486,NA
1847,2,5,4,ABM_chimp,517,NA
1848,1,6,4,ABM_chimp,398,NA
1849,2,6,4,ABM_chimp,517,NA
1850,1,7,4,ABM_chimp,397,NA
1851,2,7,4,ABM_chimp,461,NA
1852,3,7,4,ABM_chimp,490,NA
1853,1,8,4,ABM_chimp,252,NA
1854,2,8,4,ABM_chimp,451,NA
1855,1,9,4,ABM_chimp,131,NA
1856,2,9,4,ABM_chimp,189,NA
1857,3,9,4,ABM_chimp,354,NA
1858,1,10,4,ABM_chimp,263,NA
1859,2,10,4,ABM_chimp,356,NA
1860,3,10,4,ABM_chimp,398,NA
1861,4,10,4,ABM_chimp,447,NA
1862,1,11,4,ABM_chimp,267,NA
1863,2,11,4,ABM_chimp,457,NA
1864,3,11,4,ABM_chimp,555,NA
1865,1,1,5,ABM_chimp,283,NA
1866,2,1,5,ABM_chimp,425,NA
1867,3,1,5,ABM_chimp,470,NA
1868,1,2,5,ABM_chimp,119,NA
1869,1,3,5,ABM_chimp,108,NA
1870,2,3,5,ABM_chimp,145,NA
1871,3,3,5,ABM_chimp,236,NA
1872,1,4,5,ABM_chimp,306,NA
1873,2,4,5,ABM_chimp,361,NA
1874,3,4,5,ABM_chimp,468,NA
1875,1,5,5,ABM_chimp,39,NA
1876,2,5,5,ABM_chimp,71,NA
1877,3,5,5,ABM_chimp,217,NA
1878,4,5,5,ABM_chimp,365,NA
1879,5,5,5,ABM_chimp,428,NA
1880,1,6,5,ABM_chimp,124,NA
1881,2,6,5,ABM_chimp,334,NA
1882,3,6,5,ABM_chimp,405,NA
1883,4,6,5,ABM_chimp,434,NA
1884,1,7,5,ABM_chimp,334,NA
1885,2,7,5,ABM_chimp,572,NA
1886,1,8,5,ABM_chimp,87,NA
1887,2,8,5,ABM_chimp,365,NA
1888,3,8,5,ABM_chimp,482,NA
1889,1,9,5,ABM_chimp,226,NA
1890,2,9,5,ABM_chimp,262,NA
1891,3,9,5,ABM_chimp,436,NA
1892,4,9,5,ABM_chimp,552,NA
1893,1,10,5,ABM_chimp,104,NA
1894,2,10,5,ABM_chimp,352,NA
1895,3,10,5,ABM_chimp,400,NA
1896,1,11,5,ABM_chimp,89,NA
1897,2,11,5,ABM_chimp,140,NA
1898,3,11,5,ABM_chimp,233,NA
1899,4,11,5,ABM_chimp,279,NA
1900,5,11,5,ABM_chimp,487,NA
1901,1,1,6,ABM_chimp,63,NA
1902,2,1,6,ABM_chimp,196,NA
1903,3,1,6,ABM_chimp,495,NA
1904,1,2,6,ABM_chimp,228,NA
1905,2,2,6,ABM_chimp,281,NA
1906,3,2,6,ABM_chimp,337,NA
1907,4,2,6,ABM_chimp,571,NA
1908,1,3,6,ABM_chimp,96,NA
1909,2,3,6,ABM_chimp,210,NA
1910,3,3,6,ABM_chimp,387,NA
1911,4,3,6,ABM_chimp,591,NA
1912,1,4,6,ABM_chimp,172,NA
1913,2,4,6,ABM_chimp,297,NA
1914,3,4,6,ABM_chimp,536,NA
1915,1,5,6,ABM_chimp,98,NA
1916,2,5,6,ABM_chimp,232,NA
1917,3,5,6,ABM_chimp,540,NA
1918,1,6,6,ABM_chimp,284,NA
1919,2,6,6,ABM_chimp,551,NA
1920,1,7,6,ABM_chimp,84,NA
1921,2,7,6,ABM_chimp,199,NA
1922,3,7,6,ABM_chimp,330,NA
1923,4,7,6,ABM_chimp,444,NA
1924,1,8,6,ABM_chimp,362,NA
1925,2,8,6,ABM_chimp,514,NA
1926,1,9,6,ABM_chimp,100,NA
1927,2,9,6,ABM_chimp,251,NA
1928,1,10,6,ABM_chimp,113,NA
1929,2,10,6,ABM_chimp,207,NA
1930,3,10,6,ABM_chimp,490,NA
1931,4,10,6,ABM_chimp,532,NA
1932,1,11,6,ABM_chimp,111,NA
1933,2,11,6,ABM_chimp,243,NA
1934,3,11,6,ABM_chimp,317,NA
1935,4,11,6,ABM_chimp,450,NA
1936,5,11,6,ABM_chimp,563,NA
1937,1,1,7,ABM_chimp,94,NA
1938,2,1,7,ABM_chimp,140,NA
1939,3,1,7,ABM_chimp,254,NA
1940,4,1,7,ABM_chimp,278,NA
1941,5,1,7,ABM_chimp,367,NA
1942,1,2,7,ABM_chimp,77,NA
1943,2,2,7,ABM_chimp,260,NA
1944,3,2,7,ABM_chimp,314,NA
1945,1,3,7,ABM_chimp,251,NA
1946,2,3,7,ABM_chimp,352,NA
1947,3,3,7,ABM_chimp,391,NA
1948,1,4,7,ABM_chimp,119,NA
1949,2,4,7,ABM_chimp,214,NA
1950,3,4,7,ABM_chimp,263,NA
1951,4,4,7,ABM_chimp,386,NA
1952,1,5,7,ABM_chimp,47,NA
1953,2,5,7,ABM_chimp,160,NA
1954,3,5,7,ABM_chimp,477,NA
1955,4,5,7,ABM_chimp,540,NA
1956,1,6,7,ABM_chimp,89,NA
1957,2,6,7,ABM_chimp,122,NA
1958,3,6,7,ABM_chimp,325,NA
1959,4,6,7,ABM_chimp,371,NA
1960,5,6,7,ABM_chimp,510,NA
1961,1,7,7,ABM_chimp,126,NA
1962,2,7,7,ABM_chimp,297,NA
1963,1,8,7,ABM_chimp,123,NA
1964,2,8,7,ABM_chimp,287,NA
1965,1,9,7,ABM_chimp,184,NA
1966,2,9,7,ABM_chimp,356,NA
1967,3,9,7,ABM_chimp,433,NA
1968,4,9,7,ABM_chimp,599,NA
1969,1,10,7,ABM_chimp,38,NA
1970,2,10,7,ABM_chimp,287,NA
1971,3,10,7,ABM_chimp,556,NA
1972,4,10,7,ABM_chimp,592,NA
1973,1,11,7,ABM_chimp,106,NA
1974,2,11,7,ABM_chimp,163,NA
1975,3,11,7,ABM_chimp,597,NA
1976,1,1,8,ABM_chimp,81,NA
1977,2,1,8,ABM_chimp,217,NA
1978,3,1,8,ABM_chimp,585,NA
1979,1,2,8,ABM_chimp,509,NA
1980,1,3,8,ABM_chimp,166,NA
1981,2,3,8,ABM_chimp,416,NA
1982,3,3,8,ABM_chimp,505,NA
1983,1,4,8,ABM_chimp,337,NA
1984,2,4,8,ABM_chimp,447,NA
1985,1,5,8,ABM_chimp,93,NA
1986,2,5,8,ABM_chimp,196,NA
1987,3,5,8,ABM_chimp,247,NA
1988,4,5,8,ABM_chimp,546,NA
1989,1,6,8,ABM_chimp,129,NA
1990,2,6,8,ABM_chimp,269,NA
1991,3,6,8,ABM_chimp,316,NA
1992,1,7,8,ABM_chimp,131,NA
1993,2,7,8,ABM_chimp,252,NA
1994,3,7,8,ABM_chimp,576,NA
1995,1,8,8,ABM_chimp,64,NA
1996,2,8,8,ABM_chimp,195,NA
1997,3,8,8,ABM_chimp,274,NA
1998,4,8,8,ABM_chimp,583,NA
1999,1,9,8,ABM_chimp,146,NA
2000,2,9,8,ABM_chimp,197,NA
2001,3,9,8,ABM_chimp,363,NA
2002,4,9,8,ABM_chimp,551,NA
2003,1,10,8,ABM_chimp,440,NA
2004,1,11,8,ABM_chimp,65,NA
2005,2,11,8,ABM_chimp,166,NA
2006,3,11,8,ABM_chimp,365,NA
2007,4,11,8,ABM_chimp,474,NA
2008,5,11,8,ABM_chimp,542,NA
2009,1,1,9,ABM_chimp,79,NA
2010,2,1,9,ABM_chimp,167,NA
2011,3,1,9,ABM_chimp,248,NA
2012,4,1,9,ABM_chimp,492,NA
2013,5,1,9,ABM_chimp,596,NA
2014,1,2,9,ABM_chimp,267,NA
2015,2,2,9,ABM_chimp,348,NA
2016,3,2,9,ABM_chimp,407,NA
2017,1,3,9,ABM_chimp,89,NA
2018,2,3,9,ABM_chimp,186,NA
2019,1,4,9,ABM_chimp,361,NA
2020,1,5,9,ABM_chimp,75,NA
2021,2,5,9,ABM_chimp,163,NA
2022,3,5,9,ABM_chimp,321,NA
2023,1,6,9,ABM_chimp,83,NA
2024,2,6,9,ABM_chimp,210,NA
2025,3,6,9,ABM_chimp,507,NA
2026,1,7,9,ABM_chimp,146,NA
2027,2,7,9,ABM_chimp,221,NA
2028,3,7,9,ABM_chimp,344,NA
2029,1,8,9,ABM_chimp,216,NA
2030,2,8,9,ABM_chimp,292,NA
2031,3,8,9,ABM_chimp,442,NA
2032,4,8,9,ABM_chimp,570,NA
2033,1,9,9,ABM_chimp,228,NA
2034,1,11,9,ABM_chimp,72,NA
2035,2,11,9,ABM_chimp,232,NA
2036,3,11,9,ABM_chimp,379,NA
2037,1,1,10,ABM_chimp,140,NA
2038,2,1,10,ABM_chimp,209,NA
2039,1,2,10,ABM_chimp,65,NA
2040,2,2,10,ABM_chimp,127,NA
2041,3,2,10,ABM_chimp,169,NA
2042,4,2,10,ABM_chimp,285,NA
2043,5,2,10,ABM_chimp,507,NA
2044,1,3,10,ABM_chimp,46,NA
2045,2,3,10,ABM_chimp,229,NA
2046,3,3,10,ABM_chimp,312,NA
2047,4,3,10,ABM_chimp,345,NA
2048,1,4,10,ABM_chimp,149,NA
2049,2,4,10,ABM_chimp,183,NA
2050,3,4,10,ABM_chimp,277,NA
2051,4,4,10,ABM_chimp,338,NA
2052,5,4,10,ABM_chimp,404,NA
2053,1,5,10,ABM_chimp,126,NA
2054,2,5,10,ABM_chimp,171,NA
2055,3,5,10,ABM_chimp,219,NA
2056,4,5,10,ABM_chimp,302,NA
2057,1,6,10,ABM_chimp,141,NA
2058,2,6,10,ABM_chimp,218,NA
2059,3,6,10,ABM_chimp,263,NA
2060,4,6,10,ABM_chimp,525,NA
2061,5,6,10,ABM_chimp,576,NA
2062,1,7,10,ABM_chimp,83,NA
2063,2,7,10,ABM_chimp,132,NA
2064,3,7,10,ABM_chimp,225,NA
2065,4,7,10,ABM_chimp,562,NA
2066,1,8,10,ABM_chimp,240,NA
2067,2,8,10,ABM_chimp,272,NA
2068,3,8,10,ABM_chimp,448,NA
2069,1,9,10,ABM_chimp,154,NA
2070,2,9,10,ABM_chimp,203,NA
2071,3,9,10,ABM_chimp,361,NA
2072,4,9,10,ABM_chimp,430,NA
2073,1,10,10,ABM_chimp,211,NA
2074,2,10,10,ABM_chimp,250,NA
2075,3,10,10,ABM_chimp,358,NA
2076,1,11,10,ABM_chimp,142,NA
2077,2,11,10,ABM_chimp,424,NA
2078,3,11,10,ABM_chimp,569,NA
2079,1,1,11,ABM_chimp,123,NA
2080,2,1,11,ABM_chimp,289,NA
2081,1,2,11,ABM_chimp,52,NA
2082,2,2,11,ABM_chimp,300,NA
2083,3,2,11,ABM_chimp,411,NA
2084,4,2,11,ABM_chimp,528,NA
2085,1,3,11,ABM_chimp,126,NA
2086,2,3,11,ABM_chimp,175,NA
2087,3,3,11,ABM_chimp,267,NA
2088,4,3,11,ABM_chimp,543,NA
2089,1,4,11,ABM_chimp,100,NA
2090,2,4,11,ABM_chimp,186,NA
2091,3,4,11,ABM_chimp,315,NA
2092,4,4,11,ABM_chimp,359,NA
2093,1,5,11,ABM_chimp,86,NA
2094,2,5,11,ABM_chimp,185,NA
2095,3,5,11,ABM_chimp,481,NA
2096,4,5,11,ABM_chimp,583,NA
2097,1,6,11,ABM_chimp,78,NA
2098,2,6,11,ABM_chimp,123,NA
2099,3,6,11,ABM_chimp,393,NA
2100,1,7,11,ABM_chimp,361,NA
2101,2,7,11,ABM_chimp,391,NA
2102,3,7,11,ABM_chimp,500,NA
2103,1,8,11,ABM_chimp,132,NA
2104,2,8,11,ABM_chimp,239,NA
2105,3,8,11,ABM_chimp,278,NA
2106,1,9,11,ABM_chimp,53,NA
2107,2,9,11,ABM_chimp,88,NA
2108,3,9,11,ABM_chimp,209,NA
2109,4,9,11,ABM_chimp,504,NA
2110,1,10,11,ABM_chimp,122,NA
2111,2,10,11,ABM_chimp,160,NA
2112,1,11,11,ABM_chimp,172,NA
2113,2,11,11,ABM_chimp,353,NA
2114,3,11,11,ABM_chimp,460,NA
2115,4,11,11,ABM_chimp,504,NA
2116,1,1,12,ABM_chimp,237,NA
2117,2,1,12,ABM_chimp,283,NA
2118,3,1,12,ABM_chimp,412,NA
2119,1,2,12,ABM_chimp,74,NA
2120,1,3,12,ABM_chimp,228,NA
2121,2,3,12,ABM_chimp,397,NA
2122,3,3,12,ABM_chimp,512,NA
2123,1,4,12,ABM_chimp,142,NA
2124,2,4,12,ABM_chimp,296,NA
2125,1,5,12,ABM_chimp,171,NA
2126,2,5,12,ABM_chimp,269,NA
2127,3,5,12,ABM_chimp,420,NA
2128,1,6,12,ABM_chimp,88,NA
2129,2,6,12,ABM_chimp,127,NA
2130,3,6,12,ABM_chimp,252,NA
2131,4,6,12,ABM_chimp,386,NA
2132,1,7,12,ABM_chimp,132,NA
2133,2,7,12,ABM_chimp,280,NA
2134,3,7,12,ABM_chimp,365,NA
2135,4,7,12,ABM_chimp,546,NA
2136,1,8,12,ABM_chimp,93,NA
2137,2,8,12,ABM_chimp,274,NA
2138,3,8,12,ABM_chimp,430,NA
2139,4,8,12,ABM_chimp,542,NA
2140,1,9,12,ABM_chimp,106,NA
2141,2,9,12,ABM_chimp,143,NA
2142,3,9,12,ABM_chimp,382,NA
2143,1,10,12,ABM_chimp,66,NA
2144,2,10,12,ABM_chimp,178,NA
2145,3,10,12,ABM_chimp,210,NA
2146,4,10,12,ABM_chimp,269,NA
2147,5,10,12,ABM_chimp,586,NA
2148,1,11,12,ABM_chimp,63,NA
2149,2,11,12,ABM_chimp,93,NA
2150,3,11,12,ABM_chimp,199,NA
2151,4,11,12,ABM_chimp,355,NA
2152,5,11,12,ABM_chimp,430,NA
2153,1,1,13,ABM_chimp,76,NA
2154,2,1,13,ABM_chimp,308,NA
2155,3,1,13,ABM_chimp,411,NA
2156,4,1,13,ABM_chimp,562,NA
2157,1,2,13,ABM_chimp,232,NA
2158,2,2,13,ABM_chimp,383,NA
2159,3,2,13,ABM_chimp,423,NA
2160,1,3,13,ABM_chimp,66,NA
2161,2,3,13,ABM_chimp,174,NA
2162,3,3,13,ABM_chimp,415,NA
2163,1,4,13,ABM_chimp,110,NA
2164,2,4,13,ABM_chimp,181,NA
2165,1,5,13,ABM_chimp,144,NA
2166,2,5,13,ABM_chimp,190,NA
2167,1,6,13,ABM_chimp,165,NA
2168,2,6,13,ABM_chimp,241,NA
2169,3,6,13,ABM_chimp,275,NA
2170,4,6,13,ABM_chimp,323,NA
2171,5,6,13,ABM_chimp,430,NA
2172,1,7,13,ABM_chimp,88,NA
2173,2,7,13,ABM_chimp,141,NA
2174,3,7,13,ABM_chimp,311,NA
2175,4,7,13,ABM_chimp,561,NA
2176,1,8,13,ABM_chimp,99,NA
2177,2,8,13,ABM_chimp,424,NA
2178,3,8,13,ABM_chimp,517,NA
2179,1,9,13,ABM_chimp,98,NA
2180,2,9,13,ABM_chimp,133,NA
2181,3,9,13,ABM_chimp,174,NA
2182,4,9,13,ABM_chimp,281,NA
2183,1,10,13,ABM_chimp,252,NA
2184,1,11,13,ABM_chimp,55,NA
2185,2,11,13,ABM_chimp,201,NA
2186,3,11,13,ABM_chimp,347,NA
2187,4,11,13,ABM_chimp,431,NA
2188,5,11,13,ABM_chimp,495,NA
2189,6,11,13,ABM_chimp,563,NA
2190,1,1,14,ABM_chimp,103,NA
2191,2,1,14,ABM_chimp,234,NA
2192,3,1,14,ABM_chimp,432,NA
2193,4,1,14,ABM_chimp,519,NA
2194,1,2,14,ABM_chimp,36,NA
2195,2,2,14,ABM_chimp,125,NA
2196,3,2,14,ABM_chimp,498,NA
2197,1,3,14,ABM_chimp,85,NA
2198,2,3,14,ABM_chimp,190,NA
2199,3,3,14,ABM_chimp,549,NA
2200,1,4,14,ABM_chimp,168,NA
2201,2,4,14,ABM_chimp,238,NA
2202,3,4,14,ABM_chimp,503,NA
2203,1,5,14,ABM_chimp,121,NA
2204,2,5,14,ABM_chimp,247,NA
2205,3,5,14,ABM_chimp,594,NA
2206,1,6,14,ABM_chimp,218,NA
2207,2,6,14,ABM_chimp,356,NA
2208,3,6,14,ABM_chimp,437,NA
2209,1,7,14,ABM_chimp,364,NA
2210,2,7,14,ABM_chimp,459,NA
2211,1,8,14,ABM_chimp,129,NA
2212,2,8,14,ABM_chimp,177,NA
2213,3,8,14,ABM_chimp,342,NA
2214,4,8,14,ABM_chimp,404,NA
2215,1,9,14,ABM_chimp,143,NA
2216,2,9,14,ABM_chimp,188,NA
2217,3,9,14,ABM_chimp,235,NA
2218,4,9,14,ABM_chimp,276,NA
2219,1,10,14,ABM_chimp,151,NA
2220,2,10,14,ABM_chimp,537,NA
2221,1,11,14,ABM_chimp,101,NA
2222,2,11,14,ABM_chimp,276,NA
2223,3,11,14,ABM_chimp,329,NA
2224,1,1,15,ABM_chimp,124,NA
2225,2,1,15,ABM_chimp,223,NA
2226,3,1,15,ABM_chimp,318,NA
2227,1,2,15,ABM_chimp,141,NA
2228,2,2,15,ABM_chimp,220,NA
2229,3,2,15,ABM_chimp,254,NA
2230,4,2,15,ABM_chimp,377,NA
2231,1,3,15,ABM_chimp,171,NA
2232,2,3,15,ABM_chimp,293,NA
2233,3,3,15,ABM_chimp,354,NA
2234,4,3,15,ABM_chimp,440,NA
2235,5,3,15,ABM_chimp,531,NA
2236,1,4,15,ABM_chimp,113,NA
2237,2,4,15,ABM_chimp,200,NA
2238,3,4,15,ABM_chimp,394,NA
2239,4,4,15,ABM_chimp,437,NA
2240,5,4,15,ABM_chimp,599,NA
2241,1,5,15,ABM_chimp,103,NA
2242,2,5,15,ABM_chimp,280,NA
2243,3,5,15,ABM_chimp,586,NA
2244,1,6,15,ABM_chimp,317,NA
2245,2,6,15,ABM_chimp,390,NA
2246,3,6,15,ABM_chimp,489,NA
2247,1,7,15,ABM_chimp,37,NA
2248,2,7,15,ABM_chimp,173,NA
2249,3,7,15,ABM_chimp,245,NA
2250,4,7,15,ABM_chimp,387,NA
2251,5,7,15,ABM_chimp,535,NA
2252,1,8,15,ABM_chimp,111,NA
2253,2,8,15,ABM_chimp,211,NA
2254,1,9,15,ABM_chimp,109,NA
2255,2,9,15,ABM_chimp,509,NA
2256,3,9,15,ABM_chimp,594,NA
2257,1,10,15,ABM_chimp,121,NA
2258,2,10,15,ABM_chimp,244,NA
2259,3,10,15,ABM_chimp,349,NA
2260,4,10,15,ABM_chimp,448,NA
2261,5,10,15,ABM_chimp,531,NA
2262,1,11,15,ABM_chimp,45,NA
2263,2,11,15,ABM_chimp,100,NA
2264,3,11,15,ABM_chimp,187,NA
2265,4,11,15,ABM_chimp,215,NA
2266,1,1,16,ABM_chimp,63,NA
2267,2,1,16,ABM_chimp,143,NA
2268,3,1,16,ABM_chimp,203,NA
2269,4,1,16,ABM_chimp,251,NA
2270,1,2,16,ABM_chimp,105,NA
2271,2,2,16,ABM_chimp,180,NA
2272,3,2,16,ABM_chimp,259,NA
2273,4,2,16,ABM_chimp,410,NA
2274,5,2,16,ABM_chimp,443,NA
2275,1,3,16,ABM_chimp,162,NA
2276,2,3,16,ABM_chimp,255,NA
2277,3,3,16,ABM_chimp,410,NA
2278,4,3,16,ABM_chimp,513,NA
2279,1,4,16,ABM_chimp,56,NA
2280,2,4,16,ABM_chimp,210,NA
2281,3,4,16,ABM_chimp,457,NA
2282,4,4,16,ABM_chimp,538,NA
2283,1,5,16,ABM_chimp,117,NA
2284,2,5,16,ABM_chimp,300,NA
2285,3,5,16,ABM_chimp,524,NA
2286,1,6,16,ABM_chimp,388,NA
2287,2,6,16,ABM_chimp,432,NA
2288,3,6,16,ABM_chimp,546,NA
2289,1,7,16,ABM_chimp,47,NA
2290,1,8,16,ABM_chimp,39,NA
2291,2,8,16,ABM_chimp,171,NA
2292,3,8,16,ABM_chimp,430,NA
2293,1,9,16,ABM_chimp,80,NA
2294,2,9,16,ABM_chimp,459,NA
2295,1,10,16,ABM_chimp,237,NA
2296,2,10,16,ABM_chimp,303,NA
2297,3,10,16,ABM_chimp,438,NA
2298,4,10,16,ABM_chimp,506,NA
2299,5,10,16,ABM_chimp,572,NA
2300,1,11,16,ABM_chimp,234,NA
2301,2,11,16,ABM_chimp,405,NA
2302,3,11,16,ABM_chimp,530,NA
2303,4,11,16,ABM_chimp,592,NA
2304,1,1,17,ABM_chimp,46,NA
2305,2,1,17,ABM_chimp,79,NA
2306,3,1,17,ABM_chimp,136,NA
2307,4,1,17,ABM_chimp,431,NA
2308,1,2,17,ABM_chimp,193,NA
2309,1,3,17,ABM_chimp,113,NA
2310,2,3,17,ABM_chimp,238,NA
2311,3,3,17,ABM_chimp,277,NA
2312,4,3,17,ABM_chimp,446,NA
2313,5,3,17,ABM_chimp,582,NA
2314,1,4,17,ABM_chimp,44,NA
2315,2,4,17,ABM_chimp,151,NA
2316,3,4,17,ABM_chimp,321,NA
2317,4,4,17,ABM_chimp,447,NA
2318,5,4,17,ABM_chimp,584,NA
2319,1,5,17,ABM_chimp,63,NA
2320,2,5,17,ABM_chimp,185,NA
2321,3,5,17,ABM_chimp,242,NA
2322,4,5,17,ABM_chimp,436,NA
2323,1,6,17,ABM_chimp,351,NA
2324,2,6,17,ABM_chimp,396,NA
2325,3,6,17,ABM_chimp,458,NA
2326,4,6,17,ABM_chimp,578,NA
2327,1,7,17,ABM_chimp,44,NA
2328,2,7,17,ABM_chimp,106,NA
2329,3,7,17,ABM_chimp,232,NA
2330,4,7,17,ABM_chimp,352,NA
2331,5,7,17,ABM_chimp,389,NA
2332,6,7,17,ABM_chimp,475,NA
2333,1,8,17,ABM_chimp,69,NA
2334,2,8,17,ABM_chimp,500,NA
2335,3,8,17,ABM_chimp,591,NA
2336,1,9,17,ABM_chimp,72,NA
2337,2,9,17,ABM_chimp,313,NA
2338,3,9,17,ABM_chimp,367,NA
2339,4,9,17,ABM_chimp,442,NA
2340,5,9,17,ABM_chimp,588,NA
2341,1,10,17,ABM_chimp,396,NA
2342,2,10,17,ABM_chimp,490,NA
2343,1,11,17,ABM_chimp,110,NA
2344,2,11,17,ABM_chimp,168,NA
2345,3,11,17,ABM_chimp,203,NA
2346,4,11,17,ABM_chimp,253,NA
2347,5,11,17,ABM_chimp,322,NA
2348,1,1,18,ABM_chimp,93,NA
2349,2,1,18,ABM_chimp,155,NA
2350,3,1,18,ABM_chimp,416,NA
2351,4,1,18,ABM_chimp,564,NA
2352,1,2,18,ABM_chimp,43,NA
2353,2,2,18,ABM_chimp,113,NA
2354,1,3,18,ABM_chimp,178,NA
2355,2,3,18,ABM_chimp,281,NA
2356,1,4,18,ABM_chimp,38,NA
2357,2,4,18,ABM_chimp,109,NA
2358,3,4,18,ABM_chimp,166,NA
2359,4,4,18,ABM_chimp,377,NA
2360,1,5,18,ABM_chimp,45,NA
2361,2,5,18,ABM_chimp,139,NA
2362,3,5,18,ABM_chimp,205,NA
2363,4,5,18,ABM_chimp,319,NA
2364,5,5,18,ABM_chimp,523,NA
2365,1,6,18,ABM_chimp,144,NA
2366,2,6,18,ABM_chimp,189,NA
2367,3,6,18,ABM_chimp,344,NA
2368,4,6,18,ABM_chimp,559,NA
2369,1,7,18,ABM_chimp,37,NA
2370,2,7,18,ABM_chimp,176,NA
2371,3,7,18,ABM_chimp,320,NA
2372,4,7,18,ABM_chimp,485,NA
2373,1,8,18,ABM_chimp,155,NA
2374,2,8,18,ABM_chimp,242,NA
2375,3,8,18,ABM_chimp,400,NA
2376,1,9,18,ABM_chimp,53,NA
2377,2,9,18,ABM_chimp,504,NA
2378,1,10,18,ABM_chimp,122,NA
2379,2,10,18,ABM_chimp,458,NA
2380,3,10,18,ABM_chimp,494,NA
2381,1,11,18,ABM_chimp,45,NA
2382,2,11,18,ABM_chimp,233,NA
2383,3,11,18,ABM_chimp,325,NA
2384,1,1,19,ABM_chimp,67,NA
2385,2,1,19,ABM_chimp,192,NA
2386,1,2,19,ABM_chimp,42,NA
2387,2,2,19,ABM_chimp,147,NA
2388,3,2,19,ABM_chimp,202,NA
2389,4,2,19,ABM_chimp,302,NA
2390,5,2,19,ABM_chimp,416,NA
2391,6,2,19,ABM_chimp,569,NA
2392,1,3,19,ABM_chimp,172,NA
2393,2,3,19,ABM_chimp,368,NA
2394,3,3,19,ABM_chimp,490,NA
2395,1,4,19,ABM_chimp,127,NA
2396,2,4,19,ABM_chimp,208,NA
2397,3,4,19,ABM_chimp,399,NA
2398,4,4,19,ABM_chimp,431,NA
2399,1,5,19,ABM_chimp,47,NA
2400,2,5,19,ABM_chimp,145,NA
2401,3,5,19,ABM_chimp,283,NA
2402,1,6,19,ABM_chimp,175,NA
2403,2,6,19,ABM_chimp,540,NA
2404,1,7,19,ABM_chimp,118,NA
2405,2,7,19,ABM_chimp,270,NA
2406,3,7,19,ABM_chimp,393,NA
2407,1,8,19,ABM_chimp,78,NA
2408,2,8,19,ABM_chimp,455,NA
2409,1,9,19,ABM_chimp,103,NA
2410,2,9,19,ABM_chimp,215,NA
2411,3,9,19,ABM_chimp,245,NA
2412,4,9,19,ABM_chimp,384,NA
2413,5,9,19,ABM_chimp,493,NA
2414,1,10,19,ABM_chimp,80,NA
2415,2,10,19,ABM_chimp,285,NA
2416,3,10,19,ABM_chimp,323,NA
2417,4,10,19,ABM_chimp,479,NA
2418,1,11,19,ABM_chimp,130,NA
2419,2,11,19,ABM_chimp,265,NA
2420,3,11,19,ABM_chimp,578,NA
2421,1,1,20,ABM_chimp,78,NA
2422,2,1,20,ABM_chimp,105,NA
2423,3,1,20,ABM_chimp,203,NA
2424,4,1,20,ABM_chimp,285,NA
2425,1,2,20,ABM_chimp,165,NA
2426,2,2,20,ABM_chimp,269,NA
2427,3,2,20,ABM_chimp,325,NA
2428,4,2,20,ABM_chimp,437,NA
2429,1,3,20,ABM_chimp,36,NA
2430,2,3,20,ABM_chimp,500,NA
2431,1,4,20,ABM_chimp,275,NA
2432,2,4,20,ABM_chimp,354,NA
2433,1,5,20,ABM_chimp,182,NA
2434,2,5,20,ABM_chimp,498,NA
2435,1,6,20,ABM_chimp,51,NA
2436,2,6,20,ABM_chimp,339,NA
2437,3,6,20,ABM_chimp,429,NA
2438,1,7,20,ABM_chimp,68,NA
2439,2,7,20,ABM_chimp,174,NA
2440,3,7,20,ABM_chimp,596,NA
2441,1,8,20,ABM_chimp,121,NA
2442,2,8,20,ABM_chimp,509,NA
2443,3,8,20,ABM_chimp,564,NA
2444,1,9,20,ABM_chimp,37,NA
2445,2,9,20,ABM_chimp,440,NA
2446,3,9,20,ABM_chimp,475,NA
2447,1,10,20,ABM_chimp,71,NA
2448,2,10,20,ABM_chimp,152,NA
2449,3,10,20,ABM_chimp,266,NA
2450,4,10,20,ABM_chimp,427,NA
2451,5,10,20,ABM_chimp,527,NA
2452,1,11,20,ABM_chimp,86,NA
2453,2,11,20,ABM_chimp,214,NA
2454,3,11,20,ABM_chimp,392,NA
2455,1,1,21,ABM_chimp,98,NA
2456,2,1,21,ABM_chimp,192,NA
2457,3,1,21,ABM_chimp,390,NA
2458,4,1,21,ABM_chimp,514,NA
2459,1,2,21,ABM_chimp,38,NA
2460,2,2,21,ABM_chimp,149,NA
2461,3,2,21,ABM_chimp,347,NA
2462,4,2,21,ABM_chimp,573,NA
2463,1,3,21,ABM_chimp,101,NA
2464,2,3,21,ABM_chimp,147,NA
2465,3,3,21,ABM_chimp,244,NA
2466,4,3,21,ABM_chimp,285,NA
2467,5,3,21,ABM_chimp,527,NA
2468,1,4,21,ABM_chimp,385,NA
2469,2,4,21,ABM_chimp,415,NA
2470,1,5,21,ABM_chimp,99,NA
2471,2,5,21,ABM_chimp,143,NA
2472,3,5,21,ABM_chimp,180,NA
2473,4,5,21,ABM_chimp,257,NA
2474,5,5,21,ABM_chimp,285,NA
2475,1,6,21,ABM_chimp,84,NA
2476,2,6,21,ABM_chimp,173,NA
2477,3,6,21,ABM_chimp,351,NA
2478,4,6,21,ABM_chimp,423,NA
2479,1,7,21,ABM_chimp,182,NA
2480,2,7,21,ABM_chimp,280,NA
2481,3,7,21,ABM_chimp,540,NA
2482,1,8,21,ABM_chimp,183,NA
2483,2,8,21,ABM_chimp,291,NA
2484,3,8,21,ABM_chimp,407,NA
2485,4,8,21,ABM_chimp,525,NA
2486,1,9,21,ABM_chimp,300,NA
2487,2,9,21,ABM_chimp,509,NA
2488,1,10,21,ABM_chimp,103,NA
2489,2,10,21,ABM_chimp,198,NA
2490,3,10,21,ABM_chimp,479,NA
2491,4,10,21,ABM_chimp,526,NA
2492,1,11,21,ABM_chimp,40,NA
2493,2,11,21,ABM_chimp,140,NA
2494,3,11,21,ABM_chimp,187,NA
2495,4,11,21,ABM_chimp,269,NA
2496,5,11,21,ABM_chimp,518,NA
2497,1,1,22,ABM_chimp,50,NA
2498,2,1,22,ABM_chimp,190,NA
2499,3,1,22,ABM_chimp,275,NA
2500,4,1,22,ABM_chimp,459,NA
2501,5,1,22,ABM_chimp,528,NA
2502,1,2,22,ABM_chimp,40,NA
2503,2,2,22,ABM_chimp,159,NA
2504,3,2,22,ABM_chimp,199,NA
2505,4,2,22,ABM_chimp,279,NA
2506,5,2,22,ABM_chimp,345,NA
2507,1,3,22,ABM_chimp,158,NA
2508,2,3,22,ABM_chimp,203,NA
2509,3,3,22,ABM_chimp,268,NA
2510,4,3,22,ABM_chimp,419,NA
2511,1,4,22,ABM_chimp,246,NA
2512,2,4,22,ABM_chimp,292,NA
2513,3,4,22,ABM_chimp,426,NA
2514,4,4,22,ABM_chimp,502,NA
2515,1,5,22,ABM_chimp,104,NA
2516,2,5,22,ABM_chimp,349,NA
2517,3,5,22,ABM_chimp,493,NA
2518,1,6,22,ABM_chimp,319,NA
2519,2,6,22,ABM_chimp,355,NA
2520,3,6,22,ABM_chimp,437,NA
2521,1,7,22,ABM_chimp,128,NA
2522,2,7,22,ABM_chimp,273,NA
2523,3,7,22,ABM_chimp,323,NA
2524,1,8,22,ABM_chimp,35,NA
2525,2,8,22,ABM_chimp,183,NA
2526,3,8,22,ABM_chimp,225,NA
2527,4,8,22,ABM_chimp,268,NA
2528,5,8,22,ABM_chimp,423,NA
2529,6,8,22,ABM_chimp,486,NA
2530,1,9,22,ABM_chimp,390,NA
2531,2,9,22,ABM_chimp,501,NA
2532,1,10,22,ABM_chimp,218,NA
2533,2,10,22,ABM_chimp,289,NA
2534,3,10,22,ABM_chimp,342,NA
2535,4,10,22,ABM_chimp,494,NA
2536,1,11,22,ABM_chimp,39,NA
2537,2,11,22,ABM_chimp,241,NA
2538,1,1,23,ABM_chimp,286,NA
2539,2,1,23,ABM_chimp,338,NA
2540,1,2,23,ABM_chimp,43,NA
2541,2,2,23,ABM_chimp,73,NA
2542,3,2,23,ABM_chimp,485,NA
2543,1,3,23,ABM_chimp,83,NA
2544,2,3,23,ABM_chimp,207,NA
2545,3,3,23,ABM_chimp,365,NA
2546,1,4,23,ABM_chimp,128,NA
2547,1,5,23,ABM_chimp,84,NA
2548,2,5,23,ABM_chimp,390,NA
2549,3,5,23,ABM_chimp,438,NA
2550,1,6,23,ABM_chimp,110,NA
2551,2,6,23,ABM_chimp,295,NA
2552,3,6,23,ABM_chimp,431,NA
2553,1,7,23,ABM_chimp,38,NA
2554,2,7,23,ABM_chimp,151,NA
2555,3,7,23,ABM_chimp,200,NA
2556,4,7,23,ABM_chimp,288,NA
2557,5,7,23,ABM_chimp,460,NA
2558,1,8,23,ABM_chimp,141,NA
2559,2,8,23,ABM_chimp,348,NA
2560,3,8,23,ABM_chimp,404,NA
2561,4,8,23,ABM_chimp,462,NA
2562,1,9,23,ABM_chimp,141,NA
2563,2,9,23,ABM_chimp,264,NA
2564,3,9,23,ABM_chimp,424,NA
2565,4,9,23,ABM_chimp,463,NA
2566,1,10,23,ABM_chimp,36,NA
2567,2,10,23,ABM_chimp,192,NA
2568,3,10,23,ABM_chimp,240,NA
2569,4,10,23,ABM_chimp,578,NA
2570,1,11,23,ABM_chimp,157,NA
2571,2,11,23,ABM_chimp,208,NA
2572,3,11,23,ABM_chimp,273,NA
2573,4,11,23,ABM_chimp,416,NA
2574,5,11,23,ABM_chimp,538,NA
2575,1,1,24,ABM_chimp,67,NA
2576,2,1,24,ABM_chimp,352,NA
2577,3,1,24,ABM_chimp,592,NA
2578,1,2,24,ABM_chimp,64,NA
2579,2,2,24,ABM_chimp,169,NA
2580,1,3,24,ABM_chimp,38,NA
2581,2,3,24,ABM_chimp,233,NA
2582,3,3,24,ABM_chimp,534,NA
2583,1,4,24,ABM_chimp,151,NA
2584,1,5,24,ABM_chimp,269,NA
2585,2,5,24,ABM_chimp,370,NA
2586,3,5,24,ABM_chimp,491,NA
2587,1,6,24,ABM_chimp,190,NA
2588,2,6,24,ABM_chimp,354,NA
2589,3,6,24,ABM_chimp,491,NA
2590,1,7,24,ABM_chimp,522,NA
2591,1,8,24,ABM_chimp,67,NA
2592,2,8,24,ABM_chimp,133,NA
2593,3,8,24,ABM_chimp,177,NA
2594,4,8,24,ABM_chimp,556,NA
2595,1,9,24,ABM_chimp,77,NA
2596,2,9,24,ABM_chimp,173,NA
2597,3,9,24,ABM_chimp,510,NA
2598,1,10,24,ABM_chimp,254,NA
2599,2,10,24,ABM_chimp,463,NA
2600,3,10,24,ABM_chimp,561,NA
2601,1,11,24,ABM_chimp,82,NA
2602,2,11,24,ABM_chimp,204,NA
2603,3,11,24,ABM_chimp,481,NA
2604,1,1,25,ABM_chimp,106,NA
2605,2,1,25,ABM_chimp,266,NA
2606,1,2,25,ABM_chimp,98,NA
2607,2,2,25,ABM_chimp,201,NA
2608,3,2,25,ABM_chimp,349,NA
2609,4,2,25,ABM_chimp,503,NA
2610,5,2,25,ABM_chimp,582,NA
2611,1,3,25,ABM_chimp,103,NA
2612,2,3,25,ABM_chimp,233,NA
2613,3,3,25,ABM_chimp,437,NA
2614,4,3,25,ABM_chimp,478,NA
2615,1,4,25,ABM_chimp,126,NA
2616,2,4,25,ABM_chimp,221,NA
2617,1,5,25,ABM_chimp,137,NA
2618,2,5,25,ABM_chimp,213,NA
2619,3,5,25,ABM_chimp,331,NA
2620,1,6,25,ABM_chimp,146,NA
2621,2,6,25,ABM_chimp,297,NA
2622,3,6,25,ABM_chimp,354,NA
2623,4,6,25,ABM_chimp,430,NA
2624,1,7,25,ABM_chimp,42,NA
2625,2,7,25,ABM_chimp,139,NA
2626,3,7,25,ABM_chimp,313,NA
2627,4,7,25,ABM_chimp,379,NA
2628,5,7,25,ABM_chimp,600,NA
2629,1,8,25,ABM_chimp,64,NA
2630,2,8,25,ABM_chimp,425,NA
2631,1,9,25,ABM_chimp,97,NA
2632,2,9,25,ABM_chimp,240,NA
2633,3,9,25,ABM_chimp,328,NA
2634,4,9,25,ABM_chimp,403,NA
2635,5,9,25,ABM_chimp,474,NA
2636,1,10,25,ABM_chimp,251,NA
2637,2,10,25,ABM_chimp,408,NA
2638,1,11,25,ABM_chimp,99,NA
2639,2,11,25,ABM_chimp,290,NA
2640,3,11,25,ABM_chimp,347,NA
2641,4,11,25,ABM_chimp,434,NA
2642,1,1,26,ABM_chimp,115,NA
2643,2,1,26,ABM_chimp,307,NA
2644,3,1,26,ABM_chimp,420,NA
2645,1,2,26,ABM_chimp,126,NA
2646,2,2,26,ABM_chimp,199,NA
2647,3,2,26,ABM_chimp,524,NA
2648,1,3,26,ABM_chimp,320,NA
2649,2,3,26,ABM_chimp,407,NA
2650,1,4,26,ABM_chimp,145,NA
2651,2,4,26,ABM_chimp,382,NA
2652,3,4,26,ABM_chimp,507,NA
2653,4,4,26,ABM_chimp,556,NA
2654,1,5,26,ABM_chimp,70,NA
2655,2,5,26,ABM_chimp,244,NA
2656,3,5,26,ABM_chimp,519,NA
2657,1,6,26,ABM_chimp,119,NA
2658,2,6,26,ABM_chimp,194,NA
2659,3,6,26,ABM_chimp,295,NA
2660,4,6,26,ABM_chimp,350,NA
2661,1,7,26,ABM_chimp,182,NA
2662,2,7,26,ABM_chimp,420,NA
2663,3,7,26,ABM_chimp,485,NA
2664,1,8,26,ABM_chimp,57,NA
2665,2,8,26,ABM_chimp,339,NA
2666,3,8,26,ABM_chimp,442,NA
2667,1,9,26,ABM_chimp,69,NA
2668,2,9,26,ABM_chimp,180,NA
2669,3,9,26,ABM_chimp,475,NA
2670,4,9,26,ABM_chimp,566,NA
2671,1,10,26,ABM_chimp,136,NA
2672,2,10,26,ABM_chimp,306,NA
2673,3,10,26,ABM_chimp,468,NA
2674,1,11,26,ABM_chimp,42,NA
2675,2,11,26,ABM_chimp,123,NA
2676,3,11,26,ABM_chimp,178,NA
2677,4,11,26,ABM_chimp,314,NA
2678,5,11,26,ABM_chimp,435,NA
