,exp,name,visit_number,group
1,1,C1,4,DutchChild
2,10,C1,6,DutchChild
3,2,C1,7,DutchChild
4,3,C1,6,DutchChild
5,4,C1,7,DutchChild
6,5,C1,7,DutchChild
7,6,C1,7,DutchChild
8,7,C1,7,DutchChild
9,8,C1,6,DutchChild
10,9,C1,5,DutchChild
11,1,C10,3,DutchChild
12,10,C10,7,DutchChild
13,2,C10,7,DutchChild
14,3,C10,7,DutchChild
15,4,C10,7,DutchChild
16,5,C10,6,DutchChild
17,6,C10,7,DutchChild
18,7,C10,7,DutchChild
19,8,C10,6,DutchChild
20,9,C10,7,DutchChild
21,1,C11,6,DutchChild
22,10,C11,6,DutchChild
23,2,C11,6,DutchChild
24,3,C11,5,DutchChild
25,4,C11,5,DutchChild
26,5,C11,6,DutchChild
27,6,C11,6,DutchChild
28,7,C11,7,DutchChild
29,8,C11,6,DutchChild
30,9,C11,7,DutchChild
31,1,C12,6,DutchChild
32,10,C12,7,DutchChild
33,2,C12,6,DutchChild
34,3,C12,5,DutchChild
35,4,C12,6,DutchChild
36,5,C12,5,DutchChild
37,6,C12,6,DutchChild
38,7,C12,6,DutchChild
39,8,C12,6,DutchChild
40,9,C12,6,DutchChild
41,1,C13,7,DutchChild
42,10,C13,6,DutchChild
43,2,C13,7,DutchChild
44,3,C13,7,DutchChild
45,4,C13,6,DutchChild
46,5,C13,7,DutchChild
47,6,C13,6,DutchChild
48,7,C13,7,DutchChild
49,8,C13,6,DutchChild
50,9,C13,7,DutchChild
51,7,C14,6,DutchChild
52,1,C14,2,DutchChild
53,10,C14,6,DutchChild
54,2,C14,3,DutchChild
55,3,C14,6,DutchChild
56,4,C14,5,DutchChild
57,5,C14,6,DutchChild
58,6,C14,6,DutchChild
59,8,C14,6,DutchChild
60,9,C14,7,DutchChild
61,1,C2,6,DutchChild
62,10,C2,7,DutchChild
63,2,C2,5,DutchChild
64,3,C2,6,DutchChild
65,4,C2,7,DutchChild
66,5,C2,7,DutchChild
67,6,C2,6,DutchChild
68,7,C2,6,DutchChild
69,8,C2,6,DutchChild
70,9,C2,6,DutchChild
71,1,C3,5,DutchChild
72,10,C3,7,DutchChild
73,2,C3,5,DutchChild
74,3,C3,6,DutchChild
75,4,C3,7,DutchChild
76,5,C3,6,DutchChild
77,6,C3,7,DutchChild
78,7,C3,7,DutchChild
79,8,C3,7,DutchChild
80,9,C3,7,DutchChild
81,1,A10,6,DutchAdults
82,10,A10,7,DutchAdults
83,2,A10,5,DutchAdults
84,3,A10,4,DutchAdults
85,4,A10,7,DutchAdults
86,5,A10,7,DutchAdults
87,6,A10,6,DutchAdults
88,7,A10,6,DutchAdults
89,8,A10,7,DutchAdults
90,9,A10,7,DutchAdults
91,1,A11,7,DutchAdults
92,10,A11,7,DutchAdults
93,2,A11,7,DutchAdults
94,3,A11,7,DutchAdults
95,4,A11,7,DutchAdults
96,5,A11,7,DutchAdults
97,6,A11,7,DutchAdults
98,7,A11,7,DutchAdults
99,8,A11,7,DutchAdults
100,9,A11,7,DutchAdults
101,1,A12,5,DutchAdults
102,10,A12,5,DutchAdults
103,2,A12,3,DutchAdults
104,3,A12,3,DutchAdults
105,4,A12,7,DutchAdults
106,5,A12,7,DutchAdults
107,6,A12,6,DutchAdults
108,7,A12,7,DutchAdults
109,8,A12,7,DutchAdults
110,9,A12,6,DutchAdults
111,1,A13,6,DutchAdults
112,10,A13,7,DutchAdults
113,2,A13,7,DutchAdults
114,3,A13,7,DutchAdults
115,4,A13,7,DutchAdults
116,5,A13,7,DutchAdults
117,6,A13,6,DutchAdults
118,7,A13,7,DutchAdults
119,8,A13,7,DutchAdults
120,9,A13,7,DutchAdults
121,1,A14,5,DutchAdults
122,10,A14,5,DutchAdults
123,2,A14,5,DutchAdults
124,3,A14,6,DutchAdults
125,4,A14,7,DutchAdults
126,5,A14,6,DutchAdults
127,6,A14,7,DutchAdults
128,7,A14,6,DutchAdults
129,8,A14,6,DutchAdults
130,9,A14,6,DutchAdults
131,1,A15,6,DutchAdults
132,10,A15,7,DutchAdults
133,2,A15,7,DutchAdults
134,3,A15,6,DutchAdults
135,4,A15,7,DutchAdults
136,5,A15,7,DutchAdults
137,6,A15,7,DutchAdults
138,7,A15,6,DutchAdults
139,8,A15,7,DutchAdults
140,9,A15,7,DutchAdults
141,1,A16,7,DutchAdults
142,10,A16,7,DutchAdults
143,2,A16,5,DutchAdults
144,3,A16,7,DutchAdults
145,4,A16,7,DutchAdults
146,5,A16,7,DutchAdults
147,6,A16,7,DutchAdults
148,7,A16,7,DutchAdults
149,8,A16,7,DutchAdults
150,9,A16,7,DutchAdults
151,1,A18,4,DutchAdults
152,10,A18,7,DutchAdults
153,2,A18,6,DutchAdults
154,3,A18,7,DutchAdults
155,4,A18,6,DutchAdults
156,5,A18,7,DutchAdults
157,6,A18,7,DutchAdults
158,7,A18,7,DutchAdults
159,8,A18,6,DutchAdults
160,9,A18,6,DutchAdults
161,1,C,6,BaYakaChildren
162,10,C,7,BaYakaChildren
163,11,C,5,BaYakaChildren
164,3,C,7,BaYakaChildren
165,4,C,5,BaYakaChildren
166,5,C,7,BaYakaChildren
167,6,C,7,BaYakaChildren
168,7,C,7,BaYakaChildren
169,8,C,5,BaYakaChildren
170,1,D,5,BaYakaChildren
171,10,D,6,BaYakaChildren
172,11,D,5,BaYakaChildren
173,2,D,7,BaYakaChildren
174,3,D,5,BaYakaChildren
175,4,D,6,BaYakaChildren
176,5,D,5,BaYakaChildren
177,6,D,7,BaYakaChildren
178,7,D,7,BaYakaChildren
179,8,D,7,BaYakaChildren
180,9,D,7,BaYakaChildren
181,1,F,6,BaYakaChildren
182,10,F,7,BaYakaChildren
183,11,F,7,BaYakaChildren
184,2,F,7,BaYakaChildren
185,3,F,6,BaYakaChildren
186,4,F,7,BaYakaChildren
187,5,F,6,BaYakaChildren
188,6,F,3,BaYakaChildren
189,7,F,6,BaYakaChildren
190,8,F,5,BaYakaChildren
191,9,F,5,BaYakaChildren
192,1,A,7,BaYakaChildren
193,10,A,7,BaYakaChildren
194,11,A,6,BaYakaChildren
195,2,A,6,BaYakaChildren
196,3,A,4,BaYakaChildren
197,4,A,6,BaYakaChildren
198,5,A,6,BaYakaChildren
199,6,A,7,BaYakaChildren
200,7,A,6,BaYakaChildren
201,8,A,6,BaYakaChildren
202,9,A,6,BaYakaChildren
203,1,B,3,BaYakaChildren
204,10,B,7,BaYakaChildren
205,11,B,7,BaYakaChildren
206,2,B,7,BaYakaChildren
207,3,B,7,BaYakaChildren
208,4,B,7,BaYakaChildren
209,5,B,3,BaYakaChildren
210,6,B,5,BaYakaChildren
211,7,B,6,BaYakaChildren
212,8,B,6,BaYakaChildren
213,9,B,6,BaYakaChildren
214,1,amber,1,Chimpanzees
215,10,amber,4,Chimpanzees
216,11,amber,3,Chimpanzees
217,12,amber,6,Chimpanzees
218,2,amber,6,Chimpanzees
219,3,amber,1,Chimpanzees
220,4,amber,1,Chimpanzees
221,5,amber,1,Chimpanzees
222,6,amber,3,Chimpanzees
223,7,amber,3,Chimpanzees
224,8,amber,3,Chimpanzees
225,9,amber,6,Chimpanzees
226,1,leen,1,Chimpanzees
227,10,leen,4,Chimpanzees
228,11,leen,4,Chimpanzees
229,12,leen,5,Chimpanzees
230,13,leen,3,Chimpanzees
231,14,leen,1,Chimpanzees
232,15,leen,2,Chimpanzees
233,16,leen,3,Chimpanzees
234,2,leen,3,Chimpanzees
235,3,leen,3,Chimpanzees
236,4,leen,1,Chimpanzees
237,5,leen,2,Chimpanzees
238,6,leen,1,Chimpanzees
239,7,leen,2,Chimpanzees
240,8,leen,2,Chimpanzees
241,9,leen,2,Chimpanzees
242,1,quincy,2,Chimpanzees
243,10,quincy,2,Chimpanzees
244,11,quincy,2,Chimpanzees
245,12,quincy,1,Chimpanzees
246,13,quincy,6,Chimpanzees
247,14,quincy,2,Chimpanzees
248,15,quincy,1,Chimpanzees
249,16,quincy,3,Chimpanzees
250,17,quincy,3,Chimpanzees
251,18,quincy,1,Chimpanzees
252,19,quincy,1,Chimpanzees
253,2,quincy,2,Chimpanzees
254,20,quincy,4,Chimpanzees
255,21,quincy,6,Chimpanzees
256,22,quincy,7,Chimpanzees
257,23,quincy,5,Chimpanzees
258,3,quincy,5,Chimpanzees
259,4,quincy,5,Chimpanzees
260,5,quincy,4,Chimpanzees
261,6,quincy,1,Chimpanzees
262,7,quincy,1,Chimpanzees
263,8,quincy,2,Chimpanzees
264,9,quincy,5,Chimpanzees
265,1,saphira,4,Chimpanzees
266,10,saphira,3,Chimpanzees
267,11,saphira,5,Chimpanzees
268,12,saphira,3,Chimpanzees
269,13,saphira,3,Chimpanzees
270,14,saphira,3,Chimpanzees
271,15,saphira,4,Chimpanzees
272,16,saphira,6,Chimpanzees
273,18,saphira,4,Chimpanzees
274,19,saphira,3,Chimpanzees
275,2,saphira,2,Chimpanzees
276,3,saphira,2,Chimpanzees
277,4,saphira,3,Chimpanzees
278,5,saphira,3,Chimpanzees
279,6,saphira,3,Chimpanzees
280,7,saphira,5,Chimpanzees
281,8,saphira,3,Chimpanzees
282,9,saphira,2,Chimpanzees
283,1,vizuri,3,Chimpanzees
284,10,vizuri,4,Chimpanzees
285,11,vizuri,5,Chimpanzees
286,2,vizuri,5,Chimpanzees
287,3,vizuri,5,Chimpanzees
288,4,vizuri,7,Chimpanzees
289,5,vizuri,2,Chimpanzees
290,6,vizuri,1,Chimpanzees
291,7,vizuri,6,Chimpanzees
292,8,vizuri,6,Chimpanzees
293,9,vizuri,2,Chimpanzees
