"","exp","name","group","tree_sequence_str","next_sequence","next_exp","distance","pair_label"
"1","1","A","BaYakaChildren","2,6","0,7,4",1,4,"Exp_1_vs_2"
"2","2","A","BaYakaChildren","0,7,4","3",2,5,"Exp_2_vs_3"
"3","3","A","BaYakaChildren","3","5",4,1,"Exp_3_vs_5"
"4","5","A","BaYakaChildren","5","4,3",6,3,"Exp_5_vs_7"
"5","7","A","BaYakaChildren","4,3","6,2",8,2,"Exp_7_vs_9"
"6","9","A","BaYakaChildren","6,2","0",9,3,"Exp_9_vs_10"
"7","10","A","BaYakaChildren","0","2,1,3,6",10,7,"Exp_10_vs_11"
"8","1","B","BaYakaChildren","5,6","7",1,3,"Exp_1_vs_2"
"9","2","B","BaYakaChildren","7","0",2,1,"Exp_2_vs_3"
"10","3","B","BaYakaChildren","0","4,7,6",3,5,"Exp_3_vs_4"
"11","4","B","BaYakaChildren","4,7,6","0,1",4,4,"Exp_4_vs_5"
"12","5","B","BaYakaChildren","0,1","0,1,6",5,2,"Exp_5_vs_6"
"13","6","B","BaYakaChildren","0,1,6","0",6,4,"Exp_6_vs_7"
"14","7","B","BaYakaChildren","0","0",7,0,"Exp_7_vs_8"
"15","8","B","BaYakaChildren","0","0",8,0,"Exp_8_vs_9"
"16","9","B","BaYakaChildren","0","0,7",9,2,"Exp_9_vs_10"
"17","10","B","BaYakaChildren","0,7","0,1,6,5,4,2,3",10,11,"Exp_10_vs_11"
"18","1","C","BaYakaChildren","0,1,2","7",2,5,"Exp_1_vs_3"
"19","3","C","BaYakaChildren","7","0,1",3,3,"Exp_3_vs_4"
"20","4","C","BaYakaChildren","0,1","6",4,3,"Exp_4_vs_5"
"21","5","C","BaYakaChildren","6","0,6,5",6,4,"Exp_5_vs_7"
"22","7","C","BaYakaChildren","0,6,5","4,3",7,4,"Exp_7_vs_8"
"23","8","C","BaYakaChildren","4,3","0,4,5,1",10,5,"Exp_8_vs_11"
"24","2","D","BaYakaChildren","0,7","5",2,3,"Exp_2_vs_3"
"25","3","D","BaYakaChildren","5","0,6",3,3,"Exp_3_vs_4"
"26","4","D","BaYakaChildren","0,6","0",4,2,"Exp_4_vs_5"
"27","5","D","BaYakaChildren","0","6",5,1,"Exp_5_vs_6"
"28","6","D","BaYakaChildren","6","3",8,1,"Exp_6_vs_9"
"29","9","D","BaYakaChildren","3","0,4,6",10,5,"Exp_9_vs_11"
"30","1","F","BaYakaChildren","4,6,5","7",1,5,"Exp_1_vs_2"
"31","2","F","BaYakaChildren","7","0,3",5,3,"Exp_2_vs_6"
"32","6","F","BaYakaChildren","0,3","4,6",6,2,"Exp_6_vs_7"
"33","7","F","BaYakaChildren","4,6","5",7,3,"Exp_7_vs_8"
"34","8","F","BaYakaChildren","5","2",8,1,"Exp_8_vs_9"
"35","9","F","BaYakaChildren","2","3,6",9,3,"Exp_9_vs_10"
"36","10","F","BaYakaChildren","3,6","0,4,1,7,5",10,8,"Exp_10_vs_11"
"37","1","amber","Chimpanzees","0","7",1,1,"Exp_1_vs_2"
"38","2","amber","Chimpanzees","7","1",6,1,"Exp_2_vs_7"
"39","7","amber","Chimpanzees","1","0",9,1,"Exp_7_vs_10"
"40","10","amber","Chimpanzees","0","0,1,6",10,4,"Exp_10_vs_11"
"41","4","leen","Chimpanzees","0","1",4,1,"Exp_4_vs_5"
"42","5","leen","Chimpanzees","1","0",5,1,"Exp_5_vs_6"
"43","6","leen","Chimpanzees","0","0,2",6,2,"Exp_6_vs_7"
"44","7","leen","Chimpanzees","0,2","0,2",7,0,"Exp_7_vs_8"
"45","8","leen","Chimpanzees","0,2","0",8,2,"Exp_8_vs_9"
"46","1","quincy","Chimpanzees","1","5",7,1,"Exp_1_vs_8"
"47","8","quincy","Chimpanzees","5","6",8,1,"Exp_8_vs_9"
"48","9","quincy","Chimpanzees","6","0",9,1,"Exp_9_vs_10"
"49","10","quincy","Chimpanzees","0","0",10,0,"Exp_10_vs_11"
"50","1","saphira","Chimpanzees","0,3","0,4",1,1,"Exp_1_vs_2"
"51","2","saphira","Chimpanzees","0,4","0,3",2,1,"Exp_2_vs_3"
"52","3","saphira","Chimpanzees","0,3","7,2",6,2,"Exp_3_vs_7"
"53","7","saphira","Chimpanzees","7,2","6",9,3,"Exp_7_vs_10"
"54","10","saphira","Chimpanzees","6","0,7,3",10,5,"Exp_10_vs_11"
"55","2","vizuri","Chimpanzees","3","3",2,0,"Exp_2_vs_3"
"56","3","vizuri","Chimpanzees","3","2",7,1,"Exp_3_vs_8"
"57","8","vizuri","Chimpanzees","2","2",8,0,"Exp_8_vs_9"
"58","9","vizuri","Chimpanzees","2","3",10,1,"Exp_9_vs_11"
"59","5","A10","DutchAdults","4,7","0,5",5,2,"Exp_5_vs_6"
"60","6","A10","DutchAdults","0,5","2,5",6,1,"Exp_6_vs_7"
"61","7","A10","DutchAdults","2,5","1,4,6",7,4,"Exp_7_vs_8"
"62","8","A10","DutchAdults","1,4,6","1",8,4,"Exp_8_vs_9"
"63","9","A10","DutchAdults","1","0,2",9,3,"Exp_9_vs_10"
"64","1","A11","DutchAdults","6,5,4,3,2,7","1",1,11,"Exp_1_vs_2"
"65","2","A11","DutchAdults","1","0,7,3",2,5,"Exp_2_vs_3"
"66","3","A11","DutchAdults","0,7,3","5",5,5,"Exp_3_vs_6"
"67","6","A11","DutchAdults","5","6,4",6,3,"Exp_6_vs_7"
"68","7","A11","DutchAdults","6,4","4",7,2,"Exp_7_vs_8"
"69","8","A11","DutchAdults","4","1,4,3,2",8,6,"Exp_8_vs_9"
"70","9","A11","DutchAdults","1,4,3,2","6",9,7,"Exp_9_vs_10"
"71","1","A12","DutchAdults","0,3,5,1","0",1,6,"Exp_1_vs_2"
"72","2","A12","DutchAdults","0","5",3,1,"Exp_2_vs_4"
"73","4","A12","DutchAdults","5","4,5",4,2,"Exp_4_vs_5"
"74","5","A12","DutchAdults","4,5","5",5,2,"Exp_5_vs_6"
"75","6","A12","DutchAdults","5","6",6,1,"Exp_6_vs_7"
"76","7","A12","DutchAdults","6","7",8,1,"Exp_7_vs_9"
"77","1","A13","DutchAdults","1","7,1",1,2,"Exp_1_vs_2"
"78","2","A13","DutchAdults","7,1","0,1",2,1,"Exp_2_vs_3"
"79","3","A13","DutchAdults","0,1","3",3,3,"Exp_3_vs_4"
"80","4","A13","DutchAdults","3","3,6",4,2,"Exp_4_vs_5"
"81","5","A13","DutchAdults","3,6","5,6,1",5,3,"Exp_5_vs_6"
"82","6","A13","DutchAdults","5,6,1","0,7,4,5,1",6,6,"Exp_6_vs_7"
"83","7","A13","DutchAdults","0,7,4,5,1","2,4,6",7,6,"Exp_7_vs_8"
"84","8","A13","DutchAdults","2,4,6","5",8,5,"Exp_8_vs_9"
"85","9","A13","DutchAdults","5","0,7,2,3,6",9,9,"Exp_9_vs_10"
"86","1","A14","DutchAdults","4","0,3",1,3,"Exp_1_vs_2"
"87","2","A14","DutchAdults","0,3","0,5,2,1",2,5,"Exp_2_vs_3"
"88","3","A14","DutchAdults","0,5,2,1","5,3,2,1",3,2,"Exp_3_vs_4"
"89","4","A14","DutchAdults","5,3,2,1","4,1",4,5,"Exp_4_vs_5"
"90","5","A14","DutchAdults","4,1","3",5,3,"Exp_5_vs_6"
"91","6","A14","DutchAdults","3","3,1,6",6,4,"Exp_6_vs_7"
"92","7","A14","DutchAdults","3,1,6","3,1,6",7,0,"Exp_7_vs_8"
"93","8","A14","DutchAdults","3,1,6","3,7",8,3,"Exp_8_vs_9"
"94","9","A14","DutchAdults","3,7","7,5",9,2,"Exp_9_vs_10"
"95","1","A15","DutchAdults","0,2,4,5","1",1,7,"Exp_1_vs_2"
"96","2","A15","DutchAdults","1","1",2,0,"Exp_2_vs_3"
"97","3","A15","DutchAdults","1","7,3,5,1",3,6,"Exp_3_vs_4"
"98","4","A15","DutchAdults","7,3,5,1","0,7,5,1",4,2,"Exp_4_vs_5"
"99","5","A15","DutchAdults","0,7,5,1","0,3,4,1",5,2,"Exp_5_vs_6"
"100","6","A15","DutchAdults","0,3,4,1","2,3,5",6,4,"Exp_6_vs_7"
"101","7","A15","DutchAdults","2,3,5","7,3,4,5",8,3,"Exp_7_vs_9"
"102","9","A15","DutchAdults","7,3,4,5","0,7,4,5",9,2,"Exp_9_vs_10"
"103","1","A16","DutchAdults","0,2,3","5",1,5,"Exp_1_vs_2"
"104","2","A16","DutchAdults","5","7",2,1,"Exp_2_vs_3"
"105","3","A16","DutchAdults","7","0,7,1",3,4,"Exp_3_vs_4"
"106","4","A16","DutchAdults","0,7,1","0,7,5,6",4,3,"Exp_4_vs_5"
"107","5","A16","DutchAdults","0,7,5,6","3",5,7,"Exp_5_vs_6"
"108","6","A16","DutchAdults","3","0,3,6,1",6,6,"Exp_6_vs_7"
"109","7","A16","DutchAdults","0,3,6,1","2,4,5,6",7,4,"Exp_7_vs_8"
"110","8","A16","DutchAdults","2,4,5,6","0,7,4,6",8,3,"Exp_8_vs_9"
"111","9","A16","DutchAdults","0,7,4,6","0,7,4",9,2,"Exp_9_vs_10"
"112","1","A18","DutchAdults","0","0,1,4",1,4,"Exp_1_vs_2"
"113","2","A18","DutchAdults","0,1,4","6",3,5,"Exp_2_vs_4"
"114","4","A18","DutchAdults","6","4",8,1,"Exp_4_vs_9"
"115","2","C1","DutchChild","5,1","4",8,3,"Exp_2_vs_9"
"116","1","C10","DutchChild","0,2","4,3",1,2,"Exp_1_vs_2"
"117","2","C10","DutchChild","4,3","0,6,4",2,4,"Exp_2_vs_3"
"118","3","C10","DutchChild","0,6,4","6",5,4,"Exp_3_vs_6"
"119","6","C10","DutchChild","6","1",7,1,"Exp_6_vs_8"
"120","1","C11","DutchChild","2","0,7,4",2,5,"Exp_1_vs_3"
"121","3","C11","DutchChild","0,7,4","0,7,6,3",3,3,"Exp_3_vs_4"
"122","4","C11","DutchChild","0,7,6,3","3",4,6,"Exp_4_vs_5"
"123","1","C12","DutchChild","1","6",3,1,"Exp_1_vs_4"
"124","4","C12","DutchChild","6","6",5,0,"Exp_4_vs_6"
"125","6","C12","DutchChild","6","4",8,1,"Exp_6_vs_9"
"126","9","C12","DutchChild","4","2",9,1,"Exp_9_vs_10"
"127","7","C13","DutchChild","2,3,6,4","7,6",7,5,"Exp_7_vs_8"
"128","8","C13","DutchChild","7,6","0,7,6,4",8,4,"Exp_8_vs_9"
"129","9","C13","DutchChild","0,7,6,4","0,7,6,5,3",9,3,"Exp_9_vs_10"
"130","1","C14","DutchChild","6","0,4",1,3,"Exp_1_vs_2"
"131","2","C14","DutchChild","0,4","0",2,2,"Exp_2_vs_3"
"132","3","C14","DutchChild","0","3",4,1,"Exp_3_vs_5"
"133","5","C14","DutchChild","3","6",5,1,"Exp_5_vs_6"
"134","6","C14","DutchChild","6","1",6,1,"Exp_6_vs_7"
"135","7","C14","DutchChild","1","5,6,7",7,5,"Exp_7_vs_8"
"136","8","C14","DutchChild","5,6,7","5",8,4,"Exp_8_vs_9"
"137","1","C3","DutchChild","2,3,6","3,1,7",1,3,"Exp_1_vs_2"
"138","2","C3","DutchChild","3,1,7","7,1",3,3,"Exp_2_vs_4"
"139","4","C3","DutchChild","7,1","4",4,3,"Exp_4_vs_5"
"140","5","C3","DutchChild","4","0,4,5",6,4,"Exp_5_vs_7"
